Workbook
Name Càn: '64Quẻ'!$B$6:$B$11
Name Đ.Nhân: '64Quẻ'!$F$6:$F$11
Name Lý: '64Quẻ'!$D$6:$D$11

Sheet Giới thiệu
B2: Đây là chương trình lập số mệnh và xem vận theo phương pháp Hà Lạc Lý Số, dựa trên cuốn "Bát Tự Hà Lạc số" của Học Năng.
B3: Với khoảng : 384 X (5 + 3 + 2) + 34 = 3874 Cách cục khác nhau. (Nếu tính chi li tổng số âm dương... thì còn nhiều nữa)
B4: (Trong đó : 384 = 64 quẻ X 6 hào. 5/10 thể cách. 3 là Thiên địa nguyên khí hóa công. 2 là nạp giáp và tháng sinh. 34 cách quý hiển)
B6: Chương trình hoàn toàn được viết bằng hàm Excel, không sử dụng Macro. Riêng hàm đổi Dương lịch sang Âm lịch là sưu tầm của một tác giả không biết tên. Phần tiết khí theo tác giả Hồ Ngọc Đức.
B9: Chương trình chỉ dùng cho người được sinh ra ở Hà Nội và khu vực lân cận cùng kinh độ vì lịch tiết khí ứng dụng trong chương trình chỉ tính cho khu vực này. Chương trình chỉ lập được số cho người sinh ra trong khoảng thời gian từ 1-1-1990 đến 31-12-2043, vì phần lịch tiết khí chỉ cập nhật trong khoảng đó. Lịch của chương trình tương tác với cài đặt thời gian trong máy tính này !
B13: Nếu có một ngày tháng nào đó âm lịch là tháng 1 mà chi tháng trong tứ trụ lại là tháng Sửu hoặc Mão,… thì bạn đừng vội bảo nó sai vì môn này tính Can chi tháng theo Tiết khí (Vào tiết "Lập xuân" là bước vào tháng giêng, nguyệt kiến Dần,… Năm cũng vậy, vào Lập xuân mới tính năm Can chi khác). Cũng nên lưu ý giờ phút vào tiết : Đến thời khắc đó mới vào tiết - tức bước vào tháng mới !
B17: Lưu trữ ngày sinh của nhiều người và xem được cho những người đó mà không phải nhập lại ngày sinh - Chỉ trên một file này !
B19: Kinh nghiệm : Nếu bạn sinh vào đầu hoặc cuối của một giờ can chi hoặc gần lúc vào tiết thì bạn nên lập thêm một lá số nữa vào giờ can chi trước hoặc sau, hoặc trước sau thời điểm giao tiết để chiêm nghiệm các sự kiện đã diễn ra trong quá khứ, lá số nào đúng thì giờ đó đúng.
B23: Viết tắt : MHC, MKH =Mệnh hợp cách, mệnh không hợp; QC, GS, NT = Quan chức, Giới sĩ, Người thường; TNK, ĐNK, HC : Thiên địa nguyên khí hóa công.
B25: Lúc ở công sở thì xem mục "QC", khi học hành thi thố thì xem mục "GS", còn lại thì mọi người đều nên xem mục "NT".
L27: letrungtu2008@yahoo.com
B28: " Kinh dịch là đạo của người quân tử "
B30: " Kinh dịch quý nhất chữ thời " (Nguyễn Bỉnh Khiêm)
L32: " Thuận thời thì sống, nghịch thời thì chết "

Sheet Nhập liệu
B1: Bảng nhập dữ liệu | L1: Không sử dụng Cut & Paste.
L2: Dùng Unicode để gõ có dấu. Chỉ gõ vào cột có chữ mầu xanh.
B3: TT | C3: Họ & tên | D3: Nam | E3: Dương lịch | H3: Giờ | I3: Phút | J3: Ghi chú | K3: Kiểm tra
D4: Nữ | E4: Ngày | F4: Tháng | G4: Năm | H4: 0-23 | I4: 0-59 | J4: Ngày giờ sinh
B5: 1 | C5: Lá số | D5: Nữ | E5: 17 | F5: 2 | G5: 2002 | H5: 7 | I5: 0 | K5: =IF(D5="","",D5) -> Nữ | L5: =IF(H5="","",DATE(G5,F5,E5)+TIME(H5,I5,0)) -> 37304.292
B6: 2 | K6: =IF(D6="","",D6) | L6: =IF(H6="","",DATE(G6,F6,E6)+TIME(H6,I6,0))
B7: 3 | K7: =IF(D7="","",D7) | L7: =IF(H7="","",DATE(G7,F7,E7)+TIME(H7,I7,0))
B8: 4 | K8: =IF(D8="","",D8) | L8: =IF(H8="","",DATE(G8,F8,E8)+TIME(H8,I8,0))
B9: 5 | K9: =IF(D9="","",D9) | L9: =IF(H9="","",DATE(G9,F9,E9)+TIME(H9,I9,0))
B10: 6 | K10: =IF(D10="","",D10) | L10: =IF(H10="","",DATE(G10,F10,E10)+TIME(H10,I10,0))
B11: 7 | K11: =IF(D11="","",D11) | L11: =IF(H11="","",DATE(G11,F11,E11)+TIME(H11,I11,0))
B12: 8 | K12: =IF(D12="","",D12) | L12: =IF(H12="","",DATE(G12,F12,E12)+TIME(H12,I12,0))
B13: 9 | K13: =IF(D13="","",D13) | L13: =IF(H13="","",DATE(G13,F13,E13)+TIME(H13,I13,0))
B14: 10 | K14: =IF(D14="","",D14) | L14: =IF(H14="","",DATE(G14,F14,E14)+TIME(H14,I14,0))
B15: 11 | K15: =IF(D15="","",D15) | L15: =IF(H15="","",DATE(G15,F15,E15)+TIME(H15,I15,0))
B16: 12 | K16: =IF(D16="","",D16) | L16: =IF(H16="","",DATE(G16,F16,E16)+TIME(H16,I16,0))
B17: 13 | K17: =IF(D17="","",D17) | L17: =IF(H17="","",DATE(G17,F17,E17)+TIME(H17,I17,0))
... B104: 100 | K104: =IF(D104="","",D104) | L104: =IF(H104="","",DATE(G104,F104,E104)+TIME(H104,I104,0))
K105: =IF(D105="","",D105) | L105: =IF(H105="","",DATE(G105,F105,E105)+TIME(H105,I105,0))
L1001: =IF(H1001="","",DATE(G1001,F1001,E1001)+TIME(H1001,I1001,0))
L1002: =IF(H1002="","",DATE(G1002,F1002,E1002)+TIME(H1002,I1002,0))
L1003: =IF(H1003="","",DATE(G1003,F1003,E1003)+TIME(H1003,I1003,0))
L1004: =IF(H1004="","",DATE(G1004,F1004,E1004)+TIME(H1004,I1004,0))

Sheet Thể cách
B1: BÁT TỰ HÀ LẠC SỐ
AP2: =IF('Nhập liệu'!C5="","",'Nhập liệu'!C5) -> Lá số
D3: Lá số | I3: =Setup!G19 -> (+) Nữ | M3: Quẻ tiên thiên | Q3: Quẻ hậu thiên | AP3: =IF('Nhập liệu'!C6="","",'Nhập liệu'!C6)
F4: =IF(D3="","Máy tự động lập số Nam giới giờ này",IF(ISNA(VLOOKUP(D3,'Nhập liệu'!C5:L1004,10,0)),"Máy tự động lập số Nam giới giờ này","giờ "&INDEX(Setup!E8:E19,MOD(Setup!BY9/2+1/2,12)+1)&" "&Setup!BY17&"/"&Setup!BY18&" "&Setup!BZ19&" "&Setup!CA19)) -> giờ Thìn 6/1 Nhâm Ngọ | L4: =IF(Setup!AA40=6,"NĐ","") | M4: =HLOOKUP(M10,'64Quẻ'!B5:DX11,2,0) -> ——— | N4: =Setup!M23&"-"&Setup!N23 -> 10-18 | O4: =HLOOKUP(M10&1,'64Quẻ'!B5:DY11,2,0) -> N.Tuất | P4: =IF(Setup!AA40=3,"NĐ","") | Q4: =HLOOKUP(Q10,'64Quẻ'!B5:DX11,2,0) -> — — | R4: =Setup!O23&"-"&Setup!P23 -> 73-78 | S4: =HLOOKUP(Q10&1,'64Quẻ'!B5:DY11,2,0) -> Q.Dậu | AP4: =IF('Nhập liệu'!C7="","",'Nhập liệu'!C7)
B5: =Setup!B9 -> 37291.308 | E5: =IF(D3="",NOW(),IF(ISNA(VLOOKUP(D3,'Nhập liệu'!C5:L1004,10,0)),"Vừa đổi tên người này",VLOOKUP(D3,'Nhập liệu'!C5:L1004,10,0))) -> 37304.292 | H5: =VLOOKUP(Setup!B17,TiếtKhí!B3:D3626,3,0) -> 37321.061 | L5: =IF(Setup!AA40=5,"NĐ","") -> NĐ | M5: =HLOOKUP(M10,'64Quẻ'!B5:DX11,3,0) -> ——— | N5: =Setup!M24&"-"&Setup!N24 -> 1-9 | O5: =HLOOKUP(M10&1,'64Quẻ'!B5:DY11,3,0) -> N.Thân | P5: =IF(Setup!AA40=2,"NĐ","") | Q5: =HLOOKUP(Q10,'64Quẻ'!B5:DX11,3,0) -> — — | R5: =Setup!O24&"-"&Setup!P24 -> 67-72 | S5: =HLOOKUP(Q10&1,'64Quẻ'!B5:DY11,3,0) -> Q.Hợi | AP5: =IF('Nhập liệu'!C8="","",'Nhập liệu'!C8)
C6: =IF(Setup!B14=1,VLOOKUP(Setup!B16,TiếtKhí!B3:D3626,2,0)&" :",VLOOKUP(Setup!B16,TiếtKhí!B3:D3626,2,0)) -> Lập xuân | F6: =">> "&IF(Setup!B14=1,"Tiết lệnh tháng 12","Tiết lệnh tháng "&Setup!B14-1)&" >>" -> >> Tiết lệnh tháng 1 >> | I6: =VLOOKUP(Setup!B17,TiếtKhí!B3:D3626,2,0) -> Kinh trập | L6: =IF(Setup!AA40=4,"NĐ","") | M6: =HLOOKUP(M10,'64Quẻ'!B5:DX11,4,0) -> ——— | N6: =Setup!M25&"-"&Setup!N25 -> 37-45 | O6: =HLOOKUP(M10&1,'64Quẻ'!B5:DY11,4,0) -> N.Ngọ | P6: =IF(Setup!AA40=1,"NĐ","") | Q6: =HLOOKUP(Q10,'64Quẻ'!B5:DX11,4,0) -> — — | R6: =Setup!O25&"-"&Setup!P25 -> 61-66 | S6: =HLOOKUP(Q10&1,'64Quẻ'!B5:DY11,4,0) -> Q.Sửu | AP6: =IF('Nhập liệu'!C9="","",'Nhập liệu'!C9)
E7: Năm : | F7: =Setup!S6&" "&Setup!T6 -> Nhâm Ngọ | L7: =IF(Setup!AA40=3,"NĐ","") | M7: =HLOOKUP(M10,'64Quẻ'!B5:DX11,5,0) -> — — | N7: =Setup!M26&"-"&Setup!N26 -> 31-36 | O7: =HLOOKUP(M10&1,'64Quẻ'!B5:DY11,5,0) -> Ấ.Mão | P7: =IF(Setup!AA40=6,"NĐ","") | Q7: =HLOOKUP(Q10,'64Quẻ'!B5:DX11,5,0) -> ——— | R7: =Setup!O26&"-"&Setup!P26 -> 52-60 | S7: =HLOOKUP(Q10&1,'64Quẻ'!B5:DY11,5,0) -> K.Hợi | AP7: =IF('Nhập liệu'!C10="","",'Nhập liệu'!C10)
E8: Tháng : | F8: =Setup!S7&" "&Setup!T7 -> Nhâm Dần | I8: ="Tổng số Dg : "&Setup!H23 -> Tổng số Dg : 20 | L8: =IF(Setup!AA40=2,"NĐ","") | M8: =HLOOKUP(M10,'64Quẻ'!B5:DX11,6,0) -> — — | N8: =Setup!M27&"-"&Setup!N27 -> 25-30 | O8: =HLOOKUP(M10&1,'64Quẻ'!B5:DY11,6,0) -> Ấ.Tỵ | P8: =IF(Setup!AA40=5,"NĐ","") -> NĐ | Q8: =HLOOKUP(Q10,'64Quẻ'!B5:DX11,6,0) -> — — | R8: =Setup!O27&"-"&Setup!P27 -> 46-51 | S8: =HLOOKUP(Q10&1,'64Quẻ'!B5:DY11,6,0) -> K.Sửu | AP8: =IF('Nhập liệu'!C11="","",'Nhập liệu'!C11)
E9: Ngày : | F9: =Setup!S8&" "&Setup!T8 -> Bính Thìn | I9: ="Tổng số Âm : "&Setup!I23 -> Tổng số Âm : 56 | L9: =IF(Setup!AA40=1,"NĐ","") | M9: =HLOOKUP(M10,'64Quẻ'!B5:DX11,7,0) -> — — | N9: =Setup!M28&"-"&Setup!N28 -> 19-24 | O9: =HLOOKUP(M10&1,'64Quẻ'!B5:DY11,7,0) -> Ấ.Mùi | P9: =IF(Setup!AA40=4,"NĐ","") | Q9: =HLOOKUP(Q10,'64Quẻ'!B5:DX11,7,0) -> ——— | R9: =Setup!O28&"-"&Setup!P28 -> 79-87 | S9: =HLOOKUP(Q10&1,'64Quẻ'!B5:DY11,7,0) -> K.Mão | AP9: =IF('Nhập liệu'!C12="","",'Nhập liệu'!C12)
E10: Giờ : | F10: =Setup!S9&" "&Setup!T9 -> Nhâm Thìn | M10: =Setup!I27 -> Bĩ | Q10: =HLOOKUP(Setup!L22,'64Quẻ'!B4:DX5,2,0) -> M.Di | AP10: =IF('Nhập liệu'!C13="","",'Nhập liệu'!C13)
M11: ="Tháng : "&HLOOKUP(M10,'64Quẻ'!B5:DX25,21,0) -> Tháng : 7 | Q11: ="Tháng : "&HLOOKUP(Q10,'64Quẻ'!B5:DX25,21,0) -> Tháng : 8 | AP11: =IF('Nhập liệu'!C14="","",'Nhập liệu'!C14)
T12: Nhấp chuột vào ô họ tên mầu vàng để xem thể cách người khác trong bảng nhập liệu | AP12: =IF('Nhập liệu'!C15="","",'Nhập liệu'!C15)
B13: Thể cách : | AP13: =IF('Nhập liệu'!C16="","",'Nhập liệu'!C16)
B14: * | C14: Những điều cốt yếu theo Học Năng : | AP14: =IF('Nhập liệu'!C17="","",'Nhập liệu'!C17)
E15: Thiên Nguyên khí : | F15: =Setup!V20 -> Càn | G15: =IF(Setup!R25<>"","Có"&Setup!R25&".","") -> Có, ở quẻ chính tiên thiên. | AP15: =IF('Nhập liệu'!C18="","",'Nhập liệu'!C18)
E16: Địa Nguyên khí : | F16: =Setup!V21 -> Ly | G16: =IF(Setup!R26<>"","Có"&Setup!R26&".","") -> Có, ở quẻ chính hậu thiên. | AP16: =IF('Nhập liệu'!C19="","",'Nhập liệu'!C19)
E17: Hóa Công : | F17: =Setup!V8 -> Khảm | G17: =IF(Setup!R27<>"","Có"&Setup!R27&".","") -> Có, ở quẻ hỗ hậu thiên. | AP17: =IF('Nhập liệu'!C20="","",'Nhập liệu'!C20)
E18: Yểm trợ : | F18: ="H."&Setup!AA40&Setup!AC40 -> H.5 dg | G18: =Setup!AA42 -> Có, hào 2 âm. | AP18: =IF('Nhập liệu'!C21="","",'Nhập liệu'!C21)
E19: ="TSD hợp "&Setup!A38&" :" -> TSD hợp mùa Xuân : | F19: =Setup!C38&"-"&Setup!D38 -> 25-35 | G19: =Setup!C39 | AP19: =IF('Nhập liệu'!C22="","",'Nhập liệu'!C22)
E20: ="TSÂ hợp "&Setup!A38&" :" -> TSÂ hợp mùa Xuân : | F20: =Setup!E38&"-"&Setup!F38 -> 30-34 | G20: =Setup!E39 | AP20: =IF('Nhập liệu'!C23="","",'Nhập liệu'!C23)
E21: Nạp giáp : | F21: =IF(G21<>"",Setup!R5,"") -> N.Ngọ | G21: =IF(Setup!U28<>"","Có"&Setup!U28&".","") -> Có, ở quẻ tiên thiên. | AP21: =IF('Nhập liệu'!C24="","",'Nhập liệu'!C24)
E22: Được tháng sinh : | F22: =IF(G22="","","Tháng "&Setup!B13) | G22: =IF(Setup!B13=Setup!W28,"Có, ở quẻ tiên thiên.",IF(Setup!B13=Setup!X28,"Có, ở quẻ hậu thiên.","")) | AP22: =IF('Nhập liệu'!C25="","",'Nhập liệu'!C25)
AP23: =IF('Nhập liệu'!C26="","",'Nhập liệu'!C26)
B24: * | C24: Cách quý hiển : | F24: =IF(Setup!E65<>"",Setup!B65,IF(Setup!E66<>"",Setup!B66,"")) | G24: =IF(Setup!E65<>"",Setup!E65,IF(Setup!E66<>"",Setup!E66,"")) | AP24: =IF('Nhập liệu'!C27="","",'Nhập liệu'!C27)
F25: =IF(AND(Setup!E65<>"",Setup!E66<>""),Setup!B66,"") | G25: =IF(AND(Setup!E65<>"",Setup!E66<>""),Setup!E66,"") | AP25: =IF('Nhập liệu'!C28="","",'Nhập liệu'!C28)
B26: * | C26: 10 thể cách của Hà Lạc : | AP26: =IF('Nhập liệu'!C29="","",'Nhập liệu'!C29)
C27: 1. | D27: Tên quẻ | F27: =Setup!I27 -> Bĩ | G27: =HLOOKUP(M10,'384Hào'!C3:BN74,2,0) -> Bĩ là tắc (Bế tắc, mắc kẹt). Được quẻ, 3 hào trên là đạo quân tử thì tốt, 3 hào dưới là đạo tiểu nhân thì xấu. | AP27: =IF('Nhập liệu'!C30="","",'Nhập liệu'!C30)
C28: 2. | D28: Hào vị NĐ | F28: ="Hào "&Setup!AA40 -> Hào 5 | G28: =VLOOKUP(Setup!AA40,Setup!Z43:AA48,2,0) -> Lập được nhiều công trạng. | AP28: =IF('Nhập liệu'!C31="","",'Nhập liệu'!C31)
C29: 3. | D29: Lời hào | G29: =HLOOKUP(M10,'384Hào'!C3:BN74,62-(VLOOKUP(1,Setup!AK4:AO15,5,0)-1)*11,0)&" "&HLOOKUP(M10,'384Hào'!C3:BN74,63-(VLOOKUP(1,Setup!AK4:AO15,5,0)-1)*11,0) -> Thôi hết bĩ, đại nhân tốt. Nhưng lo mất lo mất (phải giữ vững như) ràng buộc vào ngùm rễ dâu. Ý HÀO: Làm sáng tỏ con người của Hòa bình, để biết cái thuật giữ nghiệp lớn. | AP29: =IF('Nhập liệu'!C32="","",'Nhập liệu'!C32)
C30: 4. | D30: Được mùa | F30: =IF(G30="","","Tháng "&Setup!B13) | G30: =IF(Setup!B13=Setup!W28,"Có, ở quẻ tiên thiên.",IF(Setup!B13=Setup!X28,"Có, ở quẻ hậu thiên.","")) | AP30: =IF('Nhập liệu'!C33="","",'Nhập liệu'!C33)
C31: 5. | D31: Yểm trợ | F31: ="Hào "&Setup!AA40&Setup!AC40 -> Hào 5 dg | G31: =Setup!AA42 -> Có, hào 2 âm. | AP31: =IF('Nhập liệu'!C34="","",'Nhập liệu'!C34)
C32: 6. | D32: Thuận mùa | F32: ="TSD: "&Setup!C38&"-"&Setup!D38 -> TSD: 25-35 | G32: =Setup!C39 | AP32: =IF('Nhập liệu'!C35="","",'Nhập liệu'!C35)
D33: ="("&Setup!A38&")" -> (mùa Xuân) | F33: ="TSÂ: "&Setup!E38&"-"&Setup!F38 -> TSÂ: 30-34 | G33: =Setup!E39 | AP33: =IF('Nhập liệu'!C36="","",'Nhập liệu'!C36)
C34: 7. | D34: Được thể | F34: (Đang cập nhật) | G34: Tự đánh giá | AP34: =IF('Nhập liệu'!C37="","",'Nhập liệu'!C37)
C35: 8. | D35: Đáng vị | F35: =Setup!B92&" "&Setup!C92 -> Tháng dg | G35: =IF(Setup!C92=Setup!C93,"Có, vì "&Setup!B93&" NĐ "&Setup!C93&".","") -> Có, vì hào NĐ dg. | AP35: =IF('Nhập liệu'!C38="","",'Nhập liệu'!C38)
C36: 9. | D36: Hợp lý | F36: ="Tuổi "&Setup!C87 -> Tuổi Nhâm | G36: =IF(OR(Setup!C88<>"",Setup!C89<>""),"Có"&Setup!C88&Setup!C89&".","") -> Có, quẻ Càn ở tiên thiên. | AP36: =IF('Nhập liệu'!C39="","",'Nhập liệu'!C39)
C37: 10. | D37: Theo-Ghét | F37: =IF(OR(Setup!C77<>"",Setup!C84<>""),Setup!B77,IF(OR(Setup!C78<>"",Setup!C85<>""),Setup!B78,"")) | G37: =IF(Setup!C77<>"",Setup!B68&Setup!C77,IF(Setup!C84<>"",Setup!B80&Setup!C84,IF(AND(Setup!C77="",Setup!C84="",Setup!C78<>""),Setup!B68&Setup!C78,IF(AND(Setup!C77="",Setup!C84="",Setup!C85<>""),Setup!B80&Setup!C85,"")))) | AP37: =IF('Nhập liệu'!C40="","",'Nhập liệu'!C40)
F38: =IF(AND(G37<>"",OR(Setup!C77<>"",Setup!C84<>""),OR(Setup!C78<>"",Setup!C85<>"")),Setup!B78,"") | G38: =IF(AND(F38<>"",Setup!C78<>""),Setup!B68&Setup!C78,IF(AND(F38<>"",Setup!C85<>""),Setup!B80&Setup!C85,"")) | AP38: =IF('Nhập liệu'!C41="","",'Nhập liệu'!C41)
C39: (Chi tiết ý nghĩa các thể cách có trong sách "Bát tự Hà Lạc" của Học Năng) | AP39: =IF('Nhập liệu'!C42="","",'Nhập liệu'!C42)
C40: by: Lê Trung Tú | AP40: =IF('Nhập liệu'!C43="","",'Nhập liệu'!C43)
AP41: =IF('Nhập liệu'!C44="","",'Nhập liệu'!C44)
AP42: =IF('Nhập liệu'!C45="","",'Nhập liệu'!C45)
AP43: =IF('Nhập liệu'!C46="","",'Nhập liệu'!C46)
AP44: =IF('Nhập liệu'!C47="","",'Nhập liệu'!C47)
AP45: =IF('Nhập liệu'!C48="","",'Nhập liệu'!C48)
AP46: =IF('Nhập liệu'!C49="","",'Nhập liệu'!C49)
AP47: =IF('Nhập liệu'!C50="","",'Nhập liệu'!C50)
AP48: =IF('Nhập liệu'!C51="","",'Nhập liệu'!C51)
AP49: =IF('Nhập liệu'!C52="","",'Nhập liệu'!C52)
AP50: =IF('Nhập liệu'!C53="","",'Nhập liệu'!C53)
AP51: =IF('Nhập liệu'!C54="","",'Nhập liệu'!C54)
AP52: =IF('Nhập liệu'!C55="","",'Nhập liệu'!C55)
... AP102: =IF('Nhập liệu'!C105="","",'Nhập liệu'!C105)

Sheet Đại Vận
S1: ="12 Đại vận - "&'Thể cách'!D3 -> 12 Đại vận - Lá số
A2: TIỀN VẬN: | E2: ="Từ "&VLOOKUP(1,Setup!AK4:AO15,2,0)&" tuổi đến "&VLOOKUP(6,Setup!AK4:AO15,4,0)&" tuổi" -> Từ 1 tuổi đến 45 tuổi | K2: ="Từ năm "&Setup!B15&" đến năm "&(Setup!B15-1+VLOOKUP(6,Setup!AK4:AO15,4,0)) -> Từ năm 2002 đến năm 2046
G3: =HLOOKUP(C13,'384Hào'!C3:BN74,2,0) -> Bĩ là tắc (Bế tắc, mắc kẹt). Được quẻ, 3 hào trên là đạo quân tử thì tốt, 3 hào dưới là đạo tiểu nhân thì xấu.
C4: =IF(AND(Setup!B26>=Setup!B15-1+VLOOKUP(1,Setup!AK4:AO15,2,0),Setup!B26<=Setup!B15-1+VLOOKUP(1,Setup!AK4:AO15,4,0)),"Đương vận","") | L4: =HLOOKUP(C13,'384Hào'!C3:BN74,3,0) -> Có lộc mà cũng không màng lộc, | N4: =HLOOKUP(C13,'384Hào'!C3:BN74,5,0) -> Chí người quân tử bền sao,
C5: =Setup!B15&"-"&(Setup!B15-1+VLOOKUP(1,Setup!AK4:AO15,4,0)) -> 2002-2010 | L5: =HLOOKUP(C13,'384Hào'!C3:BN74,4,0) -> Vị tuy cao chẳng lấy làm cao, | N5: =HLOOKUP(C13,'384Hào'!C3:BN74,6,0) -> Tiến lên đĩnh đạc anh hào thanh danh.
C6: =VLOOKUP(1,Setup!AK4:AO15,2,0)&"-"&VLOOKUP(1,Setup!AK4:AO15,4,0)&" Tuổi" -> 1-9 Tuổi | G6: =HLOOKUP(C13,'384Hào'!C3:BN74,62-(VLOOKUP(1,Setup!AK4:AO15,5,0)-1)*11,0) -> Thôi hết bĩ, đại nhân tốt. Nhưng lo mất lo mất (phải giữ vững như) ràng buộc vào ngùm rễ dâu.
B7: =IF(VLOOKUP(1,Setup!AK4:AO15,5,0)=6,"*","") | C7: =HLOOKUP(C13,'64Quẻ'!B5:DX11,2,0) -> ——— | D7: =IF(C13="","",HLOOKUP(C13&1,'64Quẻ'!B5:DY11,2,0)) -> N.Tuất | G7: =HLOOKUP(C13,'384Hào'!C3:BN74,63-(VLOOKUP(1,Setup!AK4:AO15,5,0)-1)*11,0) -> Ý HÀO: Làm sáng tỏ con người của Hòa bình, để biết cái thuật giữ nghiệp lớn.
B8: =IF(VLOOKUP(1,Setup!AK4:AO15,5,0)=5,"*","") -> * | C8: =HLOOKUP(C13,'64Quẻ'!B5:DX11,3,0) -> ——— | D8: =IF(C13="","",HLOOKUP(C13&1,'64Quẻ'!B5:DY11,3,0)) -> N.Thân | H8: =HLOOKUP(C13,'384Hào'!C3:BN74,64-(VLOOKUP(1,Setup!AK4:AO15,5,0)-1)*11,0) -> MHC: Có đức lớn, công bằng, cẩn thận, xét nét, không bỏ cơ hội, phú quý bền được.
B9: =IF(VLOOKUP(1,Setup!AK4:AO15,5,0)=4,"*","") | C9: =HLOOKUP(C13,'64Quẻ'!B5:DX11,4,0) -> ——— | D9: =IF(C13="","",HLOOKUP(C13&1,'64Quẻ'!B5:DY11,4,0)) -> N.Ngọ | H9: =HLOOKUP(C13,'384Hào'!C3:BN74,65-(VLOOKUP(1,Setup!AK4:AO15,5,0)-1)*11,0) -> MKH: Có tài đức, không gặp thời, bình sinh an vui, chẳng vinh, chẳng nhục.
B10: =IF(VLOOKUP(1,Setup!AK4:AO15,5,0)=3,"*","") | C10: =HLOOKUP(C13,'64Quẻ'!B5:DX11,5,0) -> — — | D10: =IF(C13="","",HLOOKUP(C13&1,'64Quẻ'!B5:DY11,5,0)) -> Ấ.Mão | I10: =HLOOKUP(C13,'384Hào'!C3:BN74,66-(VLOOKUP(1,Setup!AK4:AO15,5,0)-1)*11,0) -> QC: Ngồi chính vị.
B11: =IF(VLOOKUP(1,Setup!AK4:AO15,5,0)=2,"*","") | C11: =HLOOKUP(C13,'64Quẻ'!B5:DX11,6,0) -> — — | D11: =IF(C13="","",HLOOKUP(C13&1,'64Quẻ'!B5:DY11,6,0)) -> Ấ.Tỵ | I11: =HLOOKUP(C13,'384Hào'!C3:BN74,67-(VLOOKUP(1,Setup!AK4:AO15,5,0)-1)*11,0) -> GS: Họa đi phúc sắp lại, kẻ thù lui dần. Lo hóa mừng, mất thành được.
B12: =IF(VLOOKUP(1,Setup!AK4:AO15,5,0)=1,"*","") | C12: =HLOOKUP(C13,'64Quẻ'!B5:DX11,7,0) -> — — | D12: =IF(C13="","",HLOOKUP(C13&1,'64Quẻ'!B5:DY11,7,0)) -> Ấ.Mùi | I12: =HLOOKUP(C13,'384Hào'!C3:BN74,68-(VLOOKUP(1,Setup!AK4:AO15,5,0)-1)*11,0) -> NT: Họa đi phúc sắp lại, kẻ thù lùi dần. Ruộng vườn thâu hoạch. Lo hóa mừng, mất thành được. Số xấu tổn vong hình khắc.
C13: ='Thể cách'!M10 -> Bĩ | L13: =HLOOKUP(C13,'384Hào'!C3:BN74,69-(VLOOKUP(1,Setup!AK4:AO15,5,0)-1)*11,0) -> Thời đại thịnh, sắp tới nơi | N13: =HLOOKUP(C13,'384Hào'!C3:BN74,71-(VLOOKUP(1,Setup!AK4:AO15,5,0)-1)*11,0)
C14: =IF(C13="","",HLOOKUP(C13,'64Quẻ'!B5:DX25,21,0)) -> 7 | L14: =HLOOKUP(C13,'384Hào'!C3:BN74,70-(VLOOKUP(1,Setup!AK4:AO15,5,0)-1)*11,0) -> Nhưng đừng hờ hững, lỡ rồi xảy nguy. | N14: =HLOOKUP(C13,'384Hào'!C3:BN74,72-(VLOOKUP(1,Setup!AK4:AO15,5,0)-1)*11,0)
G15: =HLOOKUP(C25,'384Hào'!C3:BN74,2,0) -> Bĩ là tắc (Bế tắc, mắc kẹt). Được quẻ, 3 hào trên là đạo quân tử thì tốt, 3 hào dưới là đạo tiểu nhân thì xấu.
C16: =IF(AND(Setup!B26>=Setup!B15-1+VLOOKUP(2,Setup!AK4:AO15,2,0),Setup!B26<=Setup!B15-1+VLOOKUP(2,Setup!AK4:AO15,4,0)),"Đương vận","") | L16: =HLOOKUP(C25,'384Hào'!C3:BN74,3,0) -> Có lộc mà cũng không màng lộc, | N16: =HLOOKUP(C25,'384Hào'!C3:BN74,5,0) -> Chí người quân tử bền sao,
C17: =(Setup!B15-1+VLOOKUP(2,Setup!AK4:AO15,2,0))&"-"&Setup!B15-1+VLOOKUP(2,Setup!AK4:AO15,4,0) -> 2011-2019 | L17: =HLOOKUP(C25,'384Hào'!C3:BN74,4,0) -> Vị tuy cao chẳng lấy làm cao, | N17: =HLOOKUP(C25,'384Hào'!C3:BN74,6,0) -> Tiến lên đĩnh đạc anh hào thanh danh.
C18: =VLOOKUP(2,Setup!AK4:AO15,2,0)&"-"&VLOOKUP(2,Setup!AK4:AO15,4,0)&" Tuổi" -> 10-18 Tuổi | G18: =HLOOKUP(C25,'384Hào'!C3:BN74,62-(VLOOKUP(2,Setup!AK4:AO15,5,0)-1)*11,0) -> Đánh đổ được bĩ, trước bĩ sau mừng.
B19: =IF(VLOOKUP(2,Setup!AK4:AO15,5,0)=6,"*","") -> * | C19: =HLOOKUP(C25,'64Quẻ'!B5:DX11,2,0) -> ——— | D19: =IF(C25="","",HLOOKUP(C25&1,'64Quẻ'!B5:DY11,2,0)) -> N.Tuất | G19: =HLOOKUP(C25,'384Hào'!C3:BN74,63-(VLOOKUP(2,Setup!AK4:AO15,5,0)-1)*11,0) -> Ý HÀO: Bĩ đổ, hưởng phúc.
B20: =IF(VLOOKUP(2,Setup!AK4:AO15,5,0)=5,"*","") | C20: =HLOOKUP(C25,'64Quẻ'!B5:DX11,3,0) -> ——— | D20: =IF(C25="","",HLOOKUP(C25&1,'64Quẻ'!B5:DY11,3,0)) -> N.Thân | H20: =HLOOKUP(C25,'384Hào'!C3:BN74,64-(VLOOKUP(2,Setup!AK4:AO15,5,0)-1)*11,0) -> MHC: Chí lớn cương quyết, sắp đặt hơn người, trước gian truân, sau nhàn lạc.
B21: =IF(VLOOKUP(2,Setup!AK4:AO15,5,0)=4,"*","") | C21: =HLOOKUP(C25,'64Quẻ'!B5:DX11,4,0) -> ——— | D21: =IF(C25="","",HLOOKUP(C25&1,'64Quẻ'!B5:DY11,4,0)) -> N.Ngọ | H21: =HLOOKUP(C25,'384Hào'!C3:BN74,65-(VLOOKUP(2,Setup!AK4:AO15,5,0)-1)*11,0) -> MKH: Danh lợi khó thành, cốt nhục hình thương, tăng ni tốt.
B22: =IF(VLOOKUP(2,Setup!AK4:AO15,5,0)=3,"*","") | C22: =HLOOKUP(C25,'64Quẻ'!B5:DX11,5,0) -> — — | D22: =IF(C25="","",HLOOKUP(C25&1,'64Quẻ'!B5:DY11,5,0)) -> Ấ.Mão | I22: =HLOOKUP(C25,'384Hào'!C3:BN74,66-(VLOOKUP(2,Setup!AK4:AO15,5,0)-1)*11,0) -> QC: Mất chức thì được phục hồi. Chờ việc thì được bổ.
B23: =IF(VLOOKUP(2,Setup!AK4:AO15,5,0)=2,"*","") | C23: =HLOOKUP(C25,'64Quẻ'!B5:DX11,6,0) -> — — | D23: =IF(C25="","",HLOOKUP(C25&1,'64Quẻ'!B5:DY11,6,0)) -> Ấ.Tỵ | I23: =HLOOKUP(C25,'384Hào'!C3:BN74,67-(VLOOKUP(2,Setup!AK4:AO15,5,0)-1)*11,0) -> GS: Bị đình trệ thì phục hoạt, khốn lâu ngày được cởi mở.
B24: =IF(VLOOKUP(2,Setup!AK4:AO15,5,0)=1,"*","") | C24: =HLOOKUP(C25,'64Quẻ'!B5:DX11,7,0) -> — — | D24: =IF(C25="","",HLOOKUP(C25&1,'64Quẻ'!B5:DY11,7,0)) -> Ấ.Mùi | I24: =HLOOKUP(C25,'384Hào'!C3:BN74,68-(VLOOKUP(2,Setup!AK4:AO15,5,0)-1)*11,0) -> NT: Kiện tụng lâu được giải. Số xấu có biến cố, kém thọ.
C25: ='Thể cách'!M10 -> Bĩ | L25: =HLOOKUP(C25,'384Hào'!C3:BN74,69-(VLOOKUP(2,Setup!AK4:AO15,5,0)-1)*11,0) -> Bĩ qua liền Thái đến, | N25: =HLOOKUP(C25,'384Hào'!C3:BN74,71-(VLOOKUP(2,Setup!AK4:AO15,5,0)-1)*11,0) -> Mộc biên người ấy gặp (?!)
C26: =IF(C13="","",HLOOKUP(C13,'64Quẻ'!B5:DX25,21,0)) -> 7 | L26: =HLOOKUP(C25,'384Hào'!C3:BN74,70-(VLOOKUP(2,Setup!AK4:AO15,5,0)-1)*11,0) -> Kiển xong vận lại thông. | N26: =HLOOKUP(C25,'384Hào'!C3:BN74,72-(VLOOKUP(2,Setup!AK4:AO15,5,0)-1)*11,0) -> Trăm việc tốt vô cùng.
G27: =HLOOKUP(C37,'384Hào'!C3:BN74,2,0) -> Bĩ là tắc (Bế tắc, mắc kẹt). Được quẻ, 3 hào trên là đạo quân tử thì tốt, 3 hào dưới là đạo tiểu nhân thì xấu.
C28: =IF(AND(Setup!B26>=Setup!B15-1+VLOOKUP(3,Setup!AK4:AO15,2,0),Setup!B26<=Setup!B15-1+VLOOKUP(3,Setup!AK4:AO15,4,0)),"Đương vận","") | L28: =HLOOKUP(C37,'384Hào'!C3:BN74,3,0) -> Có lộc mà cũng không màng lộc, | N28: =HLOOKUP(C37,'384Hào'!C3:BN74,5,0) -> Chí người quân tử bền sao,
C29: =(Setup!B15-1+VLOOKUP(3,Setup!AK4:AO15,2,0))&"-"&Setup!B15-1+VLOOKUP(3,Setup!AK4:AO15,4,0) -> 2020-2025 | L29: =HLOOKUP(C37,'384Hào'!C3:BN74,4,0) -> Vị tuy cao chẳng lấy làm cao, | N29: =HLOOKUP(C37,'384Hào'!C3:BN74,6,0) -> Tiến lên đĩnh đạc anh hào thanh danh.
C30: =VLOOKUP(3,Setup!AK4:AO15,2,0)&"-"&VLOOKUP(3,Setup!AK4:AO15,4,0)&" Tuổi" -> 19-24 Tuổi | G30: =HLOOKUP(C37,'384Hào'!C3:BN74,62-(VLOOKUP(3,Setup!AK4:AO15,5,0)-1)*11,0) -> Nhổ rể cỏ mao, lấy cả cụm (cả 3 hào âm), giữ chính thì tốt và hanh thông.
B31: =IF(VLOOKUP(3,Setup!AK4:AO15,5,0)=6,"*","") | C31: =HLOOKUP(C37,'64Quẻ'!B5:DX11,2,0) -> ——— | D31: =IF(C37="","",HLOOKUP(C37&1,'64Quẻ'!B5:DY11,2,0)) -> N.Tuất | G31: =HLOOKUP(C37,'384Hào'!C3:BN74,63-(VLOOKUP(3,Setup!AK4:AO15,5,0)-1)*11,0) -> Ý HÀO: Trở lại với điều chính thì tốt.
B32: =IF(VLOOKUP(3,Setup!AK4:AO15,5,0)=5,"*","") | C32: =HLOOKUP(C37,'64Quẻ'!B5:DX11,3,0) -> ——— | D32: =IF(C37="","",HLOOKUP(C37&1,'64Quẻ'!B5:DY11,3,0)) -> N.Thân | H32: =HLOOKUP(C37,'384Hào'!C3:BN74,64-(VLOOKUP(3,Setup!AK4:AO15,5,0)-1)*11,0) -> MHC: Người có danh dự, dời tổ đi lập nghiệp bên ngoài, bỏ gần theo xa, chí để vào việc công, đừng tư kỷ thì hưởng phúc.
B33: =IF(VLOOKUP(3,Setup!AK4:AO15,5,0)=4,"*","") | C33: =HLOOKUP(C37,'64Quẻ'!B5:DX11,4,0) -> ——— | D33: =IF(C37="","",HLOOKUP(C37&1,'64Quẻ'!B5:DY11,4,0)) -> N.Ngọ | H33: =HLOOKUP(C37,'384Hào'!C3:BN74,65-(VLOOKUP(3,Setup!AK4:AO15,5,0)-1)*11,0) -> MKH: Liệu thời hãy tiến, tri cơ nên lui, thời gian nan. Khó hành chí, giữ lấy thân gia cho khỏi tai nguy.
B34: =IF(VLOOKUP(3,Setup!AK4:AO15,5,0)=3,"*","") | C34: =HLOOKUP(C37,'64Quẻ'!B5:DX11,5,0) -> — — | D34: =IF(C37="","",HLOOKUP(C37&1,'64Quẻ'!B5:DY11,5,0)) -> Ấ.Mão | I34: =HLOOKUP(C37,'384Hào'!C3:BN74,66-(VLOOKUP(3,Setup!AK4:AO15,5,0)-1)*11,0) -> QC: Chờ bổ nhiệm, đương tại chức bị dèm pha.
B35: =IF(VLOOKUP(3,Setup!AK4:AO15,5,0)=2,"*","") | C35: =HLOOKUP(C37,'64Quẻ'!B5:DX11,6,0) -> — — | D35: =IF(C37="","",HLOOKUP(C37&1,'64Quẻ'!B5:DY11,6,0)) -> Ấ.Tỵ | I35: =HLOOKUP(C37,'384Hào'!C3:BN74,67-(VLOOKUP(3,Setup!AK4:AO15,5,0)-1)*11,0) -> GS: Khó gặp cơ hội.
B36: =IF(VLOOKUP(3,Setup!AK4:AO15,5,0)=1,"*","") -> * | C36: =HLOOKUP(C37,'64Quẻ'!B5:DX11,7,0) -> — — | D36: =IF(C37="","",HLOOKUP(C37&1,'64Quẻ'!B5:DY11,7,0)) -> Ấ.Mùi | I36: =HLOOKUP(C37,'384Hào'!C3:BN74,68-(VLOOKUP(3,Setup!AK4:AO15,5,0)-1)*11,0) -> NT: Nên thủ cựu, phòng có việc liên quan lôi thôi.
C37: ='Thể cách'!M10 -> Bĩ | L37: =HLOOKUP(C37,'384Hào'!C3:BN74,69-(VLOOKUP(3,Setup!AK4:AO15,5,0)-1)*11,0) -> Vận bĩ thủ phận là hay, | N37: =HLOOKUP(C37,'384Hào'!C3:BN74,71-(VLOOKUP(3,Setup!AK4:AO15,5,0)-1)*11,0)
C38: =IF(C13="","",HLOOKUP(C13,'64Quẻ'!B5:DX25,21,0)) -> 7 | L38: =HLOOKUP(C37,'384Hào'!C3:BN74,70-(VLOOKUP(3,Setup!AK4:AO15,5,0)-1)*11,0) -> Đừng khi vọng động tai bay vạ liền. | N38: =HLOOKUP(C37,'384Hào'!C3:BN74,72-(VLOOKUP(3,Setup!AK4:AO15,5,0)-1)*11,0)
G39: =HLOOKUP(C49,'384Hào'!C3:BN74,2,0) -> Bĩ là tắc (Bế tắc, mắc kẹt). Được quẻ, 3 hào trên là đạo quân tử thì tốt, 3 hào dưới là đạo tiểu nhân thì xấu.
C40: =IF(AND(Setup!B26>=Setup!B15-1+VLOOKUP(4,Setup!AK4:AO15,2,0),Setup!B26<=Setup!B15-1+VLOOKUP(4,Setup!AK4:AO15,4,0)),"Đương vận","") -> Đương vận | L40: =HLOOKUP(C49,'384Hào'!C3:BN74,3,0) -> Có lộc mà cũng không màng lộc, | N40: =HLOOKUP(C49,'384Hào'!C3:BN74,5,0) -> Chí người quân tử bền sao,
C41: =(Setup!B15-1+VLOOKUP(4,Setup!AK4:AO15,2,0))&"-"&Setup!B15-1+VLOOKUP(4,Setup!AK4:AO15,4,0) -> 2026-2031 | L41: =HLOOKUP(C49,'384Hào'!C3:BN74,4,0) -> Vị tuy cao chẳng lấy làm cao, | N41: =HLOOKUP(C49,'384Hào'!C3:BN74,6,0) -> Tiến lên đĩnh đạc anh hào thanh danh.
C42: =VLOOKUP(4,Setup!AK4:AO15,2,0)&"-"&VLOOKUP(4,Setup!AK4:AO15,4,0)&" Tuổi" -> 25-30 Tuổi | G42: =HLOOKUP(C49,'384Hào'!C3:BN74,62-(VLOOKUP(4,Setup!AK4:AO15,5,0)-1)*11,0) -> Bao gồm thừa thuận (3 hào dương); người nhỏ thì được tốt, người lớn thì đành bĩ để giữ đạo hanh thông.
B43: =IF(VLOOKUP(4,Setup!AK4:AO15,5,0)=6,"*","") | C43: =HLOOKUP(C49,'64Quẻ'!B5:DX11,2,0) -> ——— | D43: =IF(C49="","",HLOOKUP(C49&1,'64Quẻ'!B5:DY11,2,0)) -> N.Tuất | G43: =HLOOKUP(C49,'384Hào'!C3:BN74,63-(VLOOKUP(4,Setup!AK4:AO15,5,0)-1)*11,0) -> Ý HÀO: Phận nhỏ nhưng không làm hại điều thiện thì vẫn tốt lành.
B44: =IF(VLOOKUP(4,Setup!AK4:AO15,5,0)=5,"*","") | C44: =HLOOKUP(C49,'64Quẻ'!B5:DX11,3,0) -> ——— | D44: =IF(C49="","",HLOOKUP(C49&1,'64Quẻ'!B5:DY11,3,0)) -> N.Thân | H44: =HLOOKUP(C49,'384Hào'!C3:BN74,64-(VLOOKUP(4,Setup!AK4:AO15,5,0)-1)*11,0) -> MHC: Trung chính, khoan dung, ở yên đợi phúc trạch. Sau có thể đổi bĩ thành thái, hưởng phúc trạch.
B45: =IF(VLOOKUP(4,Setup!AK4:AO15,5,0)=4,"*","") | C45: =HLOOKUP(C49,'64Quẻ'!B5:DX11,4,0) -> ——— | D45: =IF(C49="","",HLOOKUP(C49&1,'64Quẻ'!B5:DY11,4,0)) -> N.Ngọ | H45: =HLOOKUP(C49,'384Hào'!C3:BN74,65-(VLOOKUP(4,Setup!AK4:AO15,5,0)-1)*11,0) -> MKH: Theo thói thường, danh không chính, lợi không bền, thủ phận thì đỡ tai họa.
B46: =IF(VLOOKUP(4,Setup!AK4:AO15,5,0)=3,"*","") | C46: =HLOOKUP(C49,'64Quẻ'!B5:DX11,5,0) -> — — | D46: =IF(C49="","",HLOOKUP(C49&1,'64Quẻ'!B5:DY11,5,0)) -> Ấ.Mão | I46: =HLOOKUP(C49,'384Hào'!C3:BN74,66-(VLOOKUP(4,Setup!AK4:AO15,5,0)-1)*11,0) -> QC: Có cơ hội thì làm.
B47: =IF(VLOOKUP(4,Setup!AK4:AO15,5,0)=2,"*","") -> * | C47: =HLOOKUP(C49,'64Quẻ'!B5:DX11,6,0) -> — — | D47: =IF(C49="","",HLOOKUP(C49&1,'64Quẻ'!B5:DY11,6,0)) -> Ấ.Tỵ | I47: =HLOOKUP(C49,'384Hào'!C3:BN74,67-(VLOOKUP(4,Setup!AK4:AO15,5,0)-1)*11,0) -> GS: Nên đời thời.
B48: =IF(VLOOKUP(4,Setup!AK4:AO15,5,0)=1,"*","") | C48: =HLOOKUP(C49,'64Quẻ'!B5:DX11,7,0) -> — — | D48: =IF(C49="","",HLOOKUP(C49&1,'64Quẻ'!B5:DY11,7,0)) -> Ấ.Mùi | I48: =HLOOKUP(C49,'384Hào'!C3:BN74,68-(VLOOKUP(4,Setup!AK4:AO15,5,0)-1)*11,0) -> NT: Đành nuốt nhục để giữ thân gia, nếu không thì khó tránh thị phi, tai họa.
C49: ='Thể cách'!M10 -> Bĩ | L49: =HLOOKUP(C49,'384Hào'!C3:BN74,69-(VLOOKUP(4,Setup!AK4:AO15,5,0)-1)*11,0) -> Người nhỏ vì sinh kế, | N49: =HLOOKUP(C49,'384Hào'!C3:BN74,71-(VLOOKUP(4,Setup!AK4:AO15,5,0)-1)*11,0) -> Đại nhân nên tự thủ,
C50: =IF(C13="","",HLOOKUP(C13,'64Quẻ'!B5:DX25,21,0)) -> 7 | L50: =HLOOKUP(C49,'384Hào'!C3:BN74,70-(VLOOKUP(4,Setup!AK4:AO15,5,0)-1)*11,0) -> Uốn lưng để phụng hành. | N50: =HLOOKUP(C49,'384Hào'!C3:BN74,72-(VLOOKUP(4,Setup!AK4:AO15,5,0)-1)*11,0) -> Vận bĩ, đạo vẫn hanh.
G51: =HLOOKUP(C61,'384Hào'!C3:BN74,2,0) -> Bĩ là tắc (Bế tắc, mắc kẹt). Được quẻ, 3 hào trên là đạo quân tử thì tốt, 3 hào dưới là đạo tiểu nhân thì xấu.
C52: =IF(AND(Setup!B26>=Setup!B15-1+VLOOKUP(5,Setup!AK4:AO15,2,0),Setup!B26<=Setup!B15-1+VLOOKUP(5,Setup!AK4:AO15,4,0)),"Đương vận","") | L52: =HLOOKUP(C61,'384Hào'!C3:BN74,3,0) -> Có lộc mà cũng không màng lộc, | N52: =HLOOKUP(C61,'384Hào'!C3:BN74,5,0) -> Chí người quân tử bền sao,
C53: =(Setup!B15-1+VLOOKUP(5,Setup!AK4:AO15,2,0))&"-"&Setup!B15-1+VLOOKUP(5,Setup!AK4:AO15,4,0) -> 2032-2037 | L53: =HLOOKUP(C61,'384Hào'!C3:BN74,4,0) -> Vị tuy cao chẳng lấy làm cao, | N53: =HLOOKUP(C61,'384Hào'!C3:BN74,6,0) -> Tiến lên đĩnh đạc anh hào thanh danh.
C54: =VLOOKUP(5,Setup!AK4:AO15,2,0)&"-"&VLOOKUP(5,Setup!AK4:AO15,4,0)&" Tuổi" -> 31-36 Tuổi | G54: =HLOOKUP(C61,'384Hào'!C3:BN74,62-(VLOOKUP(5,Setup!AK4:AO15,5,0)-1)*11,0) -> Bao dung được điều xấu hổ.
B55: =IF(VLOOKUP(5,Setup!AK4:AO15,5,0)=6,"*","") | C55: =HLOOKUP(C61,'64Quẻ'!B5:DX11,2,0) -> ——— | D55: =IF(C61="","",HLOOKUP(C61&1,'64Quẻ'!B5:DY11,2,0)) -> N.Tuất | G55: =HLOOKUP(C61,'384Hào'!C3:BN74,63-(VLOOKUP(5,Setup!AK4:AO15,5,0)-1)*11,0) -> Ý HÀO: Tiểu nhân muốn làm ác mà chưa làm được.
B56: =IF(VLOOKUP(5,Setup!AK4:AO15,5,0)=5,"*","") | C56: =HLOOKUP(C61,'64Quẻ'!B5:DX11,3,0) -> ——— | D56: =IF(C61="","",HLOOKUP(C61&1,'64Quẻ'!B5:DY11,3,0)) -> N.Thân | H56: =HLOOKUP(C61,'384Hào'!C3:BN74,64-(VLOOKUP(5,Setup!AK4:AO15,5,0)-1)*11,0) -> MHC: Dù được quý nhân đùm bọc, hoặc có chức phận nhỏ nhưng cũng chỉ có tiếng không miếng. Chỉ có tăng ni là tốt.
B57: =IF(VLOOKUP(5,Setup!AK4:AO15,5,0)=4,"*","") | C57: =HLOOKUP(C61,'64Quẻ'!B5:DX11,4,0) -> ——— | D57: =IF(C61="","",HLOOKUP(C61&1,'64Quẻ'!B5:DY11,4,0)) -> N.Ngọ | H57: =HLOOKUP(C61,'384Hào'!C3:BN74,65-(VLOOKUP(5,Setup!AK4:AO15,5,0)-1)*11,0) -> MKH: Không giữ được nề nếp lúc cùng.
B58: =IF(VLOOKUP(5,Setup!AK4:AO15,5,0)=3,"*","") -> * | C58: =HLOOKUP(C61,'64Quẻ'!B5:DX11,5,0) -> — — | D58: =IF(C61="","",HLOOKUP(C61&1,'64Quẻ'!B5:DY11,5,0)) -> Ấ.Mão | I58: =HLOOKUP(C61,'384Hào'!C3:BN74,66-(VLOOKUP(5,Setup!AK4:AO15,5,0)-1)*11,0) -> QC: Xin về hưu.
B59: =IF(VLOOKUP(5,Setup!AK4:AO15,5,0)=2,"*","") | C59: =HLOOKUP(C61,'64Quẻ'!B5:DX11,6,0) -> — — | D59: =IF(C61="","",HLOOKUP(C61&1,'64Quẻ'!B5:DY11,6,0)) -> Ấ.Tỵ | I59: =HLOOKUP(C61,'384Hào'!C3:BN74,67-(VLOOKUP(5,Setup!AK4:AO15,5,0)-1)*11,0) -> GS: Phòng bị tai tiếng.
B60: =IF(VLOOKUP(5,Setup!AK4:AO15,5,0)=1,"*","") | C60: =HLOOKUP(C61,'64Quẻ'!B5:DX11,7,0) -> — — | D60: =IF(C61="","",HLOOKUP(C61&1,'64Quẻ'!B5:DY11,7,0)) -> Ấ.Mùi | I60: =HLOOKUP(C61,'384Hào'!C3:BN74,68-(VLOOKUP(5,Setup!AK4:AO15,5,0)-1)*11,0) -> NT: Bị điều tiếng, thưa kiện.
C61: ='Thể cách'!M10 -> Bĩ | L61: =HLOOKUP(C61,'384Hào'!C3:BN74,69-(VLOOKUP(5,Setup!AK4:AO15,5,0)-1)*11,0) -> Nhân tình trục trặc khó tin, | N61: =HLOOKUP(C61,'384Hào'!C3:BN74,71-(VLOOKUP(5,Setup!AK4:AO15,5,0)-1)*11,0)
C62: =IF(C13="","",HLOOKUP(C13,'64Quẻ'!B5:DX25,21,0)) -> 7 | L62: =HLOOKUP(C61,'384Hào'!C3:BN74,70-(VLOOKUP(5,Setup!AK4:AO15,5,0)-1)*11,0) -> Dèm pha lắm chuyện, giữ gìn họa lây. | N62: =HLOOKUP(C61,'384Hào'!C3:BN74,72-(VLOOKUP(5,Setup!AK4:AO15,5,0)-1)*11,0)
G63: =HLOOKUP(C73,'384Hào'!C3:BN74,2,0) -> Bĩ là tắc (Bế tắc, mắc kẹt). Được quẻ, 3 hào trên là đạo quân tử thì tốt, 3 hào dưới là đạo tiểu nhân thì xấu.
C64: =IF(AND(Setup!B26>=Setup!B15-1+VLOOKUP(6,Setup!AK4:AO15,2,0),Setup!B26<=Setup!B15-1+VLOOKUP(6,Setup!AK4:AO15,4,0)),"Đương vận","") | L64: =HLOOKUP(C73,'384Hào'!C3:BN74,3,0) -> Có lộc mà cũng không màng lộc, | N64: =HLOOKUP(C73,'384Hào'!C3:BN74,5,0) -> Chí người quân tử bền sao,
C65: =(Setup!B15-1+VLOOKUP(6,Setup!AK4:AO15,2,0))&"-"&Setup!B15-1+VLOOKUP(6,Setup!AK4:AO15,4,0) -> 2038-2046 | L65: =HLOOKUP(C73,'384Hào'!C3:BN74,4,0) -> Vị tuy cao chẳng lấy làm cao, | N65: =HLOOKUP(C73,'384Hào'!C3:BN74,6,0) -> Tiến lên đĩnh đạc anh hào thanh danh.
C66: =VLOOKUP(6,Setup!AK4:AO15,2,0)&"-"&VLOOKUP(6,Setup!AK4:AO15,4,0)&" Tuổi" -> 37-45 Tuổi | G66: =HLOOKUP(C73,'384Hào'!C3:BN74,62-(VLOOKUP(6,Setup!AK4:AO15,5,0)-1)*11,0) -> Có vận mệnh, không lỗi gì, cả bọn được nhờ phúc (cả 3 hào dương).
B67: =IF(VLOOKUP(6,Setup!AK4:AO15,5,0)=6,"*","") | C67: =HLOOKUP(C61,'64Quẻ'!B5:DX11,2,0) -> ——— | D67: =IF(C73="","",HLOOKUP(C13&1,'64Quẻ'!B5:DY11,2,0)) -> N.Tuất | G67: =HLOOKUP(C73,'384Hào'!C3:BN74,63-(VLOOKUP(6,Setup!AK4:AO15,5,0)-1)*11,0) -> Ý HÀO: Có cơ hội ngộ.
B68: =IF(VLOOKUP(6,Setup!AK4:AO15,5,0)=5,"*","") | C68: =HLOOKUP(C61,'64Quẻ'!B5:DX11,3,0) -> ——— | D68: =IF(C73="","",HLOOKUP(C13&1,'64Quẻ'!B5:DY11,3,0)) -> N.Thân | H68: =HLOOKUP(C73,'384Hào'!C3:BN74,64-(VLOOKUP(6,Setup!AK4:AO15,5,0)-1)*11,0) -> MHC: Có công danh phúc thọ, được đãi như quốc khách để thực hiện chí hướng.
B69: =IF(VLOOKUP(6,Setup!AK4:AO15,5,0)=4,"*","") -> * | C69: =HLOOKUP(C61,'64Quẻ'!B5:DX11,4,0) -> ——— | D69: =IF(C73="","",HLOOKUP(C13&1,'64Quẻ'!B5:DY11,4,0)) -> N.Ngọ | H69: =HLOOKUP(C73,'384Hào'!C3:BN74,65-(VLOOKUP(6,Setup!AK4:AO15,5,0)-1)*11,0) -> MKH: Cũng được hưởng phúc, ruộng vườn, hay hoạt động, ít tĩnh.
B70: =IF(VLOOKUP(6,Setup!AK4:AO15,5,0)=3,"*","") | C70: =HLOOKUP(C61,'64Quẻ'!B5:DX11,5,0) -> — — | D70: =IF(C73="","",HLOOKUP(C13&1,'64Quẻ'!B5:DY11,5,0)) -> Ấ.Mão | I70: =HLOOKUP(C73,'384Hào'!C3:BN74,66-(VLOOKUP(6,Setup!AK4:AO15,5,0)-1)*11,0) -> QC: Có đồng liêu giúp, lộc vị tiến.
B71: =IF(VLOOKUP(6,Setup!AK4:AO15,5,0)=2,"*","") | C71: =HLOOKUP(C61,'64Quẻ'!B5:DX11,6,0) -> — — | D71: =IF(C73="","",HLOOKUP(C13&1,'64Quẻ'!B5:DY11,6,0)) -> Ấ.Tỵ | I71: =HLOOKUP(C73,'384Hào'!C3:BN74,67-(VLOOKUP(6,Setup!AK4:AO15,5,0)-1)*11,0) -> GS: Được tiến cử, danh dự lên.
B72: =IF(VLOOKUP(6,Setup!AK4:AO15,5,0)=1,"*","") | C72: =HLOOKUP(C61,'64Quẻ'!B5:DX11,7,0) -> — — | D72: =IF(C73="","",HLOOKUP(C13&1,'64Quẻ'!B5:DY11,7,0)) -> Ấ.Mùi | I72: =HLOOKUP(C73,'384Hào'!C3:BN74,68-(VLOOKUP(6,Setup!AK4:AO15,5,0)-1)*11,0) -> NT: Ruộng vườn lợi tức tăng tiến, nhiều dịp vui mừng, con cháu đề huề.
C73: ='Thể cách'!M10 -> Bĩ | L73: =HLOOKUP(C73,'384Hào'!C3:BN74,69-(VLOOKUP(6,Setup!AK4:AO15,5,0)-1)*11,0) -> Quyền uy cờ đã đến tay, | N73: =HLOOKUP(C73,'384Hào'!C3:BN74,71-(VLOOKUP(6,Setup!AK4:AO15,5,0)-1)*11,0)
C74: =IF(C13="","",HLOOKUP(C13,'64Quẻ'!B5:DX25,21,0)) -> 7 | L74: =HLOOKUP(C73,'384Hào'!C3:BN74,70-(VLOOKUP(6,Setup!AK4:AO15,5,0)-1)*11,0) -> Việc làm suông sẻ, thời này hanh thông. | N74: =HLOOKUP(C73,'384Hào'!C3:BN74,72-(VLOOKUP(6,Setup!AK4:AO15,5,0)-1)*11,0)
A76: HẬU VẬN : | E76: ="Từ "&VLOOKUP(6,Setup!AK4:AO15,4,0)+1&" tuổi đến "&VLOOKUP(12,Setup!AK4:AO15,4,0)&" tuổi" -> Từ 46 tuổi đến 87 tuổi | K76: ="Từ năm "&(Setup!B15-1+VLOOKUP(7,Setup!AK4:AO15,2,0))&" đến năm "&Setup!B15-1+VLOOKUP(12,Setup!AK4:AO15,4,0) -> Từ năm 2047 đến năm 2088
G77: =HLOOKUP(C87,'384Hào'!C3:BN74,2,0) -> Minh Di là Thương (có ánh sáng nhưng bị tổn thương).
C78: =IF(AND(Setup!B26>=Setup!B15-1+VLOOKUP(7,Setup!AK4:AO15,2,0),Setup!B26<=Setup!B15-1+VLOOKUP(7,Setup!AK4:AO15,4,0)),"Đương vận","") | L78: =HLOOKUP(C87,'384Hào'!C3:BN74,3,0) -> Người rình trong đất tổn thương, | N78: =HLOOKUP(C87,'384Hào'!C3:BN74,5,0)
C79: =(Setup!B15-1+VLOOKUP(7,Setup!AK4:AO15,2,0))&"-"&Setup!B15-1+VLOOKUP(7,Setup!AK4:AO15,4,0) -> 2047-2052 | L79: =HLOOKUP(C87,'384Hào'!C3:BN74,4,0) -> Tuổi dương phòng bệnh khó lường hư hao. | N79: =HLOOKUP(C87,'384Hào'!C3:BN74,6,0)
C80: =VLOOKUP(7,Setup!AK4:AO15,2,0)&"-"&VLOOKUP(7,Setup!AK4:AO15,4,0)&" Tuổi" -> 46-51 Tuổi | G80: =HLOOKUP(C87,'384Hào'!C3:BN74,62-(VLOOKUP(7,Setup!AK4:AO15,5,0)-1)*11,0) -> Tổn thương mà tổn ở đùi vế bên trái, muốn dùng cách cứu (thì cũng chóng lành) như con ngựa khỏe, kết quả tốt.
B81: =IF(VLOOKUP(7,Setup!AK4:AO15,5,0)=6,"*","") | C81: =HLOOKUP(C87,'64Quẻ'!B5:DX11,2,0) -> — — | D81: =IF(C87="","",HLOOKUP(C87&1,'64Quẻ'!B5:DY11,2,0)) -> Q.Dậu | G81: =HLOOKUP(C87,'384Hào'!C3:BN74,63-(VLOOKUP(7,Setup!AK4:AO15,5,0)-1)*11,0) -> Ý HÀO: Muốn khởi binh phạt kẻ tàn bạo thì phải xem có thuận lòng trời không.
B82: =IF(VLOOKUP(7,Setup!AK4:AO15,5,0)=5,"*","") | C82: =HLOOKUP(C87,'64Quẻ'!B5:DX11,3,0) -> — — | D82: =IF(C87="","",HLOOKUP(C87&1,'64Quẻ'!B5:DY11,3,0)) -> Q.Hợi | H82: =HLOOKUP(C87,'384Hào'!C3:BN74,64-(VLOOKUP(7,Setup!AK4:AO15,5,0)-1)*11,0) -> MHC: Có uy quyền để chinh phạt làm cho dân an nước vững.
B83: =IF(VLOOKUP(7,Setup!AK4:AO15,5,0)=4,"*","") | C83: =HLOOKUP(C87,'64Quẻ'!B5:DX11,4,0) -> — — | D83: =IF(C87="","",HLOOKUP(C87&1,'64Quẻ'!B5:DY11,4,0)) -> Q.Sửu | H83: =HLOOKUP(C87,'384Hào'!C3:BN74,65-(VLOOKUP(7,Setup!AK4:AO15,5,0)-1)*11,0) -> MKH: Đắc chí hoành hành, nghịch trên nạt dưới, chỉ làm quân nhân thì lập được chút công lao.
B84: =IF(VLOOKUP(7,Setup!AK4:AO15,5,0)=3,"*","") | C84: =HLOOKUP(C87,'64Quẻ'!B5:DX11,5,0) -> ——— | D84: =IF(C87="","",HLOOKUP(C87&1,'64Quẻ'!B5:DY11,5,0)) -> K.Hợi | I84: =HLOOKUP(C87,'384Hào'!C3:BN74,66-(VLOOKUP(7,Setup!AK4:AO15,5,0)-1)*11,0) -> QC: Có quyền binh tướng súy ở bên trong.
B85: =IF(VLOOKUP(7,Setup!AK4:AO15,5,0)=2,"*","") -> * | C85: =HLOOKUP(C87,'64Quẻ'!B5:DX11,6,0) -> — — | D85: =IF(C87="","",HLOOKUP(C87&1,'64Quẻ'!B5:DY11,6,0)) -> K.Sửu | I85: =HLOOKUP(C87,'384Hào'!C3:BN74,67-(VLOOKUP(7,Setup!AK4:AO15,5,0)-1)*11,0) -> GS: Có cái mừng chiếm được công đầu.
B86: =IF(VLOOKUP(7,Setup!AK4:AO15,5,0)=1,"*","") | C86: =HLOOKUP(C87,'64Quẻ'!B5:DX11,7,0) -> ——— | D86: =IF(C87="","",HLOOKUP(C87&1,'64Quẻ'!B5:DY11,7,0)) -> K.Mão | I86: =HLOOKUP(C87,'384Hào'!C3:BN74,68-(VLOOKUP(7,Setup!AK4:AO15,5,0)-1)*11,0) -> NT: Dễ bị tai họa.
C87: ='Thể cách'!Q10 -> M.Di | L87: =HLOOKUP(C87,'384Hào'!C3:BN74,69-(VLOOKUP(7,Setup!AK4:AO15,5,0)-1)*11,0) -> Thương sơ, cấp cứu khỏi ngay | N87: =HLOOKUP(C87,'384Hào'!C3:BN74,71-(VLOOKUP(7,Setup!AK4:AO15,5,0)-1)*11,0)
C88: =IF(C87="","",HLOOKUP(C87,'64Quẻ'!B5:DX25,21,0)) -> 8 | L88: =HLOOKUP(C87,'384Hào'!C3:BN74,70-(VLOOKUP(7,Setup!AK4:AO15,5,0)-1)*11,0) -> Xuân sang, nạn khỏi phúc dầy, lộc hơn. | N88: =HLOOKUP(C87,'384Hào'!C3:BN74,72-(VLOOKUP(7,Setup!AK4:AO15,5,0)-1)*11,0)
G89: =HLOOKUP(C99,'384Hào'!C3:BN74,2,0) -> Minh Di là Thương (có ánh sáng nhưng bị tổn thương).
C90: =IF(AND(Setup!B26>=Setup!B15-1+VLOOKUP(8,Setup!AK4:AO15,2,0),Setup!B26<=Setup!B15-1+VLOOKUP(8,Setup!AK4:AO15,4,0)),"Đương vận","") | L90: =HLOOKUP(C99,'384Hào'!C3:BN74,3,0) -> Người rình trong đất tổn thương, | N90: =HLOOKUP(C99,'384Hào'!C3:BN74,5,0)
C91: =(Setup!B15-1+VLOOKUP(8,Setup!AK4:AO15,2,0))&"-"&Setup!B15-1+VLOOKUP(8,Setup!AK4:AO15,4,0) -> 2053-2061 | L91: =HLOOKUP(C99,'384Hào'!C3:BN74,4,0) -> Tuổi dương phòng bệnh khó lường hư hao. | N91: =HLOOKUP(C99,'384Hào'!C3:BN74,6,0)
C92: =VLOOKUP(8,Setup!AK4:AO15,2,0)&"-"&VLOOKUP(8,Setup!AK4:AO15,4,0)&" Tuổi" -> 52-60 Tuổi | G92: =HLOOKUP(C99,'384Hào'!C3:BN74,62-(VLOOKUP(8,Setup!AK4:AO15,5,0)-1)*11,0) -> Tổn thương ở chỗ đi trừ loạn ở phía Nam, bắt được thằng đầu sỏ lớn, nhưng chẳng nên vội tuy là chính.
B93: =IF(VLOOKUP(8,Setup!AK4:AO15,5,0)=6,"*","") | C93: =HLOOKUP(C99,'64Quẻ'!B5:DX11,2,0) -> — — | D93: =IF(C99="","",HLOOKUP(C99&1,'64Quẻ'!B5:DY11,2,0)) -> Q.Dậu | G93: =HLOOKUP(C99,'384Hào'!C3:BN74,63-(VLOOKUP(8,Setup!AK4:AO15,5,0)-1)*11,0) -> Ý HÀO: Trên dưới đều có tổn thương, nên ánh sáng chiếu vào bị trở ngại, nếu không tranh tụng thì cũng tật ách.
B94: =IF(VLOOKUP(8,Setup!AK4:AO15,5,0)=5,"*","") | C94: =HLOOKUP(C99,'64Quẻ'!B5:DX11,3,0) -> — — | D94: =IF(C99="","",HLOOKUP(C99&1,'64Quẻ'!B5:DY11,3,0)) -> Q.Hợi | H94: =HLOOKUP(C99,'384Hào'!C3:BN74,64-(VLOOKUP(8,Setup!AK4:AO15,5,0)-1)*11,0) -> MHC: Nếu có hóa công nguyên khí thì có tạo tác nhà cửa.
B95: =IF(VLOOKUP(8,Setup!AK4:AO15,5,0)=4,"*","") | C95: =HLOOKUP(C99,'64Quẻ'!B5:DX11,4,0) -> — — | D95: =IF(C99="","",HLOOKUP(C99&1,'64Quẻ'!B5:DY11,4,0)) -> Q.Sửu | H95: =HLOOKUP(C99,'384Hào'!C3:BN74,65-(VLOOKUP(8,Setup!AK4:AO15,5,0)-1)*11,0) -> MKH: Thì vế bên trái bị tổn thương, hoặc phải chia tay đi xa ngàn dặm.
B96: =IF(VLOOKUP(8,Setup!AK4:AO15,5,0)=3,"*","") -> * | C96: =HLOOKUP(C99,'64Quẻ'!B5:DX11,5,0) -> ——— | D96: =IF(C99="","",HLOOKUP(C99&1,'64Quẻ'!B5:DY11,5,0)) -> K.Hợi | I96: =HLOOKUP(C99,'384Hào'!C3:BN74,66-(VLOOKUP(8,Setup!AK4:AO15,5,0)-1)*11,0) -> QC: Có quyền binh tướng súy ở bên trong.
B97: =IF(VLOOKUP(8,Setup!AK4:AO15,5,0)=2,"*","") | C97: =HLOOKUP(C99,'64Quẻ'!B5:DX11,6,0) -> — — | D97: =IF(C99="","",HLOOKUP(C99&1,'64Quẻ'!B5:DY11,6,0)) -> K.Sửu | I97: =HLOOKUP(C99,'384Hào'!C3:BN74,67-(VLOOKUP(8,Setup!AK4:AO15,5,0)-1)*11,0) -> GS: Có cái mừng chiếm được công đầu.
B98: =IF(VLOOKUP(8,Setup!AK4:AO15,5,0)=1,"*","") | C98: =HLOOKUP(C99,'64Quẻ'!B5:DX11,7,0) -> ——— | D98: =IF(C99="","",HLOOKUP(C99&1,'64Quẻ'!B5:DY11,7,0)) -> K.Mão | I98: =HLOOKUP(C99,'384Hào'!C3:BN74,68-(VLOOKUP(8,Setup!AK4:AO15,5,0)-1)*11,0) -> NT: Dễ bị tai họa.
C99: ='Thể cách'!Q10 -> M.Di | L99: =HLOOKUP(C99,'384Hào'!C3:BN74,69-(VLOOKUP(8,Setup!AK4:AO15,5,0)-1)*11,0) -> Việc làm đến vận đạt to, | N99: =HLOOKUP(C99,'384Hào'!C3:BN74,71-(VLOOKUP(8,Setup!AK4:AO15,5,0)-1)*11,0)
C100: =IF(C87="","",HLOOKUP(C87,'64Quẻ'!B5:DX25,21,0)) -> 8 | L100: =HLOOKUP(C99,'384Hào'!C3:BN74,70-(VLOOKUP(8,Setup!AK4:AO15,5,0)-1)*11,0) -> Nhưng nên thong thả để dò tai nguy. | N100: =HLOOKUP(C99,'384Hào'!C3:BN74,72-(VLOOKUP(8,Setup!AK4:AO15,5,0)-1)*11,0)
G101: =HLOOKUP(C111,'384Hào'!C3:BN74,2,0) -> Minh Di là Thương (có ánh sáng nhưng bị tổn thương).
...

Sheet Vận Năm
A1: ="Vận Năm - "&'Thể cách'!D3 -> Vận Năm - Lá số | N1: Trong đại vận: | O1: =VLOOKUP(Setup!AK3,Setup!AK4:AO15,2,0)&" tuổi - "&VLOOKUP(Setup!AK3,Setup!AK4:AO15,4,0)&" tuổi" -> 31 tuổi - 36 tuổi | P1: =(Setup!B15-1+VLOOKUP(Setup!AK3,Setup!AK4:AO15,2,0))&" - "&Setup!B15-1+VLOOKUP(Setup!AK3,Setup!AK4:AO15,4,0) -> 2032 - 2037
G2: =HLOOKUP(C12,'384Hào'!C3:BN74,2,0) -> Độn là Thoái (lùi về, ở ẩn).
C3: =IF(B4=Setup!B26,"Năm nay","") | L3: =HLOOKUP(C12,'384Hào'!C3:BN74,3,0) -> Đừng kêu: Vận kiển mãi trời ! | N3: =HLOOKUP(C12,'384Hào'!C3:BN74,5,0)
B4: =Setup!AT30 -> 2032 | L4: =HLOOKUP(C12,'384Hào'!C3:BN74,4,0) -> Chờ năm Sửu Ngọ đường đời thênh thang. | N4: =HLOOKUP(C12,'384Hào'!C3:BN74,6,0)
C5: =INDEX(Setup!D11:D20,MOD(B4,10)+1)&" "&INDEX(Setup!E4:E15,MOD(B4,12)+1) -> Nhâm Tý | G5: =HLOOKUP(C12,'384Hào'!C3:BN74,62-(Setup!AQ12-1)*11,0) -> Ẩn tránh mà vẫn bị ràng buộc (bởi 2 hào âm dưới), nên có bệnh và nguy đấy, chỉ nuôi thiếp tôi là tốt.
B6: =IF(Setup!AR3="*","*",IF(Setup!AR3="","")) | C6: =IF((C12)="","",HLOOKUP(C12,'64Quẻ'!B5:DX11,2,0)) -> ——— | D6: =IF(C12="","",HLOOKUP(C12&1,'64Quẻ'!B5:DY11,2,0)) -> N.Tuất | G6: =HLOOKUP(C12,'384Hào'!C3:BN74,63-(Setup!AQ12-1)*11,0) -> Ý HÀO: Đáng ẩn trách mà còn hệ lụy không tránh được.
B7: =IF(Setup!AR4="*","*",IF(Setup!AR4="","")) | C7: =IF((C12)="","",HLOOKUP(C12,'64Quẻ'!B5:DX11,3,0)) -> ——— | D7: =IF(C12="","",HLOOKUP(C12&1,'64Quẻ'!B5:DY11,3,0)) -> N.Thân | H7: =HLOOKUP(C12,'384Hào'!C3:BN74,64-(Setup!AQ12-1)*11,0) -> MHC: Minh triết giữ được thân, dũng thoái thoát được nạn. Hoặc có hiền thê giúp sức, hoặc có nô bộc hết lòng.
B8: =IF(Setup!AR5="*","*",IF(Setup!AR5="","")) | C8: =IF((C12)="","",HLOOKUP(C12,'64Quẻ'!B5:DX11,4,0)) -> ——— | D8: =IF(C12="","",HLOOKUP(C12&1,'64Quẻ'!B5:DY11,4,0)) -> N.Ngọ | H8: =HLOOKUP(C12,'384Hào'!C3:BN74,65-(Setup!AQ12-1)*11,0) -> MKH: Chỉ ăn nhậu, tham tài tham sắc, tật lệ liên miên hoặc bị nô tỳ liên lụy.
B9: =IF(Setup!AR6="*","*",IF(Setup!AR6="","")) -> * | C9: =IF((C12)="","",HLOOKUP(C12,'64Quẻ'!B5:DX11,5,0)) -> ——— | D9: =IF(C12="","",HLOOKUP(C12&1,'64Quẻ'!B5:DY11,5,0)) -> B.Thân | F9: =Setup!AR13 -> TNK | I9: =HLOOKUP(C12,'384Hào'!C3:BN74,66-(Setup!AQ12-1)*11,0) -> QC: Có cái lo về chức phận.
B10: =IF(Setup!AR7="*","*",IF(Setup!AR7="","")) | C10: =IF((C12)="","",HLOOKUP(C12,'64Quẻ'!B5:DX11,6,0)) -> — — | D10: =IF(C12="","",HLOOKUP(C12&1,'64Quẻ'!B5:DY11,6,0)) -> B.Ngọ | F10: =Setup!AR14 | I10: =HLOOKUP(C12,'384Hào'!C3:BN74,67-(Setup!AQ12-1)*11,0) -> GS: Không thành đại sự.
B11: =IF(Setup!AR8="*","*",IF(Setup!AR8="","")) | C11: =IF((C12)="","",HLOOKUP(C12,'64Quẻ'!B5:DX11,7,0)) -> — — | D11: =IF(C12="","",HLOOKUP(C12&1,'64Quẻ'!B5:DY11,7,0)) -> B.Thìn | F11: =Setup!AR15 | I11: =HLOOKUP(C12,'384Hào'!C3:BN74,68-(Setup!AQ12-1)*11,0) -> NT: Nhiều tật ách. Số tốt thì được vợ đắc lực, nhà thêm người.
C12: =IF('Đại Vận'!C13="","",HLOOKUP(Setup!AP15,'64Quẻ'!B4:DX5,2,0)) -> Độn | L12: =HLOOKUP(C12,'384Hào'!C3:BN74,69-(Setup!AQ12-1)*11,0) -> Phòng tật bệnh, gan việc thường | N12: =HLOOKUP(C12,'384Hào'!C3:BN74,71-(Setup!AQ12-1)*11,0)
C13: =IF(C12="","",HLOOKUP(C12,'64Quẻ'!B5:DX25,21,0)) -> 6 | L13: =HLOOKUP(C12,'384Hào'!C3:BN74,70-(Setup!AQ12-1)*11,0) -> Mưu to chớ ngả, rẽ đường đưa tin. | N13: =HLOOKUP(C12,'384Hào'!C3:BN74,72-(Setup!AQ12-1)*11,0)
G14: =HLOOKUP(C24,'384Hào'!C3:BN74,2,0) -> Tiệm là Tiến (tiến dần như chim bay lên cao dần).
C15: =IF(B16=Setup!B26,"Năm nay","") | L15: =HLOOKUP(C24,'384Hào'!C3:BN74,3,0) -> Ôm cần đợi cá bên sông, | N15: =HLOOKUP(C24,'384Hào'!C3:BN74,5,0)
B16: =B4+1 -> 2033 | L16: =HLOOKUP(C24,'384Hào'!C3:BN74,4,0) -> Đợi lâu được cá xúm đông đớp mồi. | N16: =HLOOKUP(C24,'384Hào'!C3:BN74,6,0)
C17: =INDEX(Setup!D11:D20,MOD(B16,10)+1)&" "&INDEX(Setup!E4:E15,MOD(B16,12)+1) -> Quý Sửu | G17: =HLOOKUP(C24,'384Hào'!C3:BN74,62-(Setup!AQ19-1)*11,0) -> Chim hồng tiến dần lên trên cây, hoặc được cái cành bằng, không lỗi gì.
B18: =IF(AND(Setup!AT32=5,B7="*"),"*",IF(AND(Setup!AT32=8,B9="*"),"*","")) | C18: =IF((C24)="","",HLOOKUP(C24,'64Quẻ'!B5:DX11,2,0)) -> ——— | D18: =IF(C24="","",HLOOKUP(C24&1,'64Quẻ'!B5:DY11,2,0)) -> T.Mão | G18: =HLOOKUP(C24,'384Hào'!C3:BN74,63-(Setup!AQ19-1)*11,0) -> Ý HÀO: Gặp bạo mà được yên lành.
B19: =IF(AND(Setup!AT32=5,B8="*"),"*",IF(AND(Setup!AT32=8,B10="*"),"*","")) | C19: =IF((C24)="","",HLOOKUP(C24,'64Quẻ'!B5:DX11,3,0)) -> ——— | D19: =IF(C24="","",HLOOKUP(C24&1,'64Quẻ'!B5:DY11,3,0)) -> T.Tỵ | H19: =HLOOKUP(C24,'384Hào'!C3:BN74,64-(Setup!AQ19-1)*11,0) -> MHC: Có đức có vị nhưng khiêm nhường thì suốt đời an vui.
B20: =IF(AND(Setup!AT32=5,B9="*"),"*",IF(AND(Setup!AT32=8,B11="*"),"*","")) -> * | C20: =IF((C24)="","",HLOOKUP(C24,'64Quẻ'!B5:DX11,4,0)) -> — — | D20: =IF(C24="","",HLOOKUP(C24&1,'64Quẻ'!B5:DY11,4,0)) -> T.Mùi | H20: =HLOOKUP(C24,'384Hào'!C3:BN74,65-(Setup!AQ19-1)*11,0) -> MKH: Sinh kế khó khăn, phải kiệm ước, muộn mới đủ dùng.
B21: =IF(AND(Setup!AT32=5,B10="*"),"*",IF(AND(Setup!AT32=8,B6="*"),"*","")) | C21: =IF((C24)="","",HLOOKUP(C24,'64Quẻ'!B5:DX11,5,0)) -> ——— | D21: =IF(C24="","",HLOOKUP(C24&1,'64Quẻ'!B5:DY11,5,0)) -> B.Thân | F21: =Setup!AR20 | I21: =HLOOKUP(C24,'384Hào'!C3:BN74,66-(Setup!AQ19-1)*11,0) -> QC: Gặp cường bạo không chế phục nổi, đổi việc, vô định.
B22: =IF(AND(Setup!AT32=5,B11="*"),"*",IF(AND(Setup!AT32=8,B7="*"),"*","")) | C22: =IF((C24)="","",HLOOKUP(C24,'64Quẻ'!B5:DX11,6,0)) -> — — | D22: =IF(C24="","",HLOOKUP(C24&1,'64Quẻ'!B5:DY11,6,0)) -> B.Ngọ | F22: =Setup!AR21 -> ĐNK | I22: =HLOOKUP(C24,'384Hào'!C3:BN74,67-(Setup!AQ19-1)*11,0) -> GS: Đỗ khoa mùa thu.
B23: =IF(AND(Setup!AT32=5,B6="*"),"*",IF(AND(Setup!AT32=8,B8="*"),"*","")) | C23: =IF((C24)="","",HLOOKUP(C24,'64Quẻ'!B5:DX11,7,0)) -> — — | D23: =IF(C24="","",HLOOKUP(C24&1,'64Quẻ'!B5:DY11,7,0)) -> B.Thìn | F23: =Setup!AR22 -> HC | I23: =HLOOKUP(C24,'384Hào'!C3:BN74,68-(Setup!AQ19-1)*11,0) -> NT: Lợi việc tu tạo, nhà yên ổn.
C24: =IF('Đại Vận'!C13="","",HLOOKUP(Setup!AP22,'64Quẻ'!B4:DX5,2,0)) -> Tiệm | L24: =HLOOKUP(C24,'384Hào'!C3:BN74,69-(Setup!AQ19-1)*11,0) -> Non cao xứ đẹp vui cùng, | N24: =HLOOKUP(C24,'384Hào'!C3:BN74,71-(Setup!AQ19-1)*11,0)
C25: =IF(C24="","",HLOOKUP(C24,'64Quẻ'!B5:DX25,21,0)) -> 1 | L25: =HLOOKUP(C24,'384Hào'!C3:BN74,70-(Setup!AQ19-1)*11,0) -> Mận đào điểm nhụy, cúc mừng lợi danh. | N25: =HLOOKUP(C24,'384Hào'!C3:BN74,72-(Setup!AQ19-1)*11,0)
G26: =HLOOKUP(C36,'384Hào'!C3:BN74,2,0) -> Cấn là Chỉ (ngăn bước, ngừng lại, trở ngại trùng trùng).
C27: =IF(B28=Setup!B26,"Năm nay","") | L27: =HLOOKUP(C36,'384Hào'!C3:BN74,3,0) -> Tiến hành nay Bắc với mai Đông, | N27: =HLOOKUP(C36,'384Hào'!C3:BN74,5,0) -> Lui tới chầu cao, sau có lối
B28: =B4+2 -> 2034 | L28: =HLOOKUP(C36,'384Hào'!C3:BN74,4,0) -> Cầu lộc cầu tài việc cũng thông. | N28: =HLOOKUP(C36,'384Hào'!C3:BN74,6,0) -> Nhưng là nên thủy lại nên chung.
C29: =INDEX(Setup!D11:D20,MOD(B28,10)+1)&" "&INDEX(Setup!E4:E15,MOD(B28,12)+1) -> Giáp Dần | G29: =HLOOKUP(C36,'384Hào'!C3:BN74,62-(Setup!AQ26-1)*11,0) -> Biết ngừng ở mép mình, nói năng có thứ tự, khỏi ăn năn gì.
B30: =IF(AND(Setup!AT32=5,B19="*"),"*",IF(AND(Setup!AT32=8,B21="*"),"*","")) | C30: =IF((C36)="","",HLOOKUP(C36,'64Quẻ'!B5:DX11,2,0)) -> ——— | D30: =IF(C36="","",HLOOKUP(C36&1,'64Quẻ'!B5:DY11,2,0)) -> B.Dần | G30: =HLOOKUP(C36,'384Hào'!C3:BN74,63-(Setup!AQ26-1)*11,0) -> Ý HÀO: Dè dặt lời nói; nên đỡ lỗi.
B31: =IF(AND(Setup!AT32=5,B20="*"),"*",IF(AND(Setup!AT32=8,B22="*"),"*","")) -> * | C31: =IF((C36)="","",HLOOKUP(C36,'64Quẻ'!B5:DX11,3,0)) -> — — | D31: =IF(C36="","",HLOOKUP(C36&1,'64Quẻ'!B5:DY11,3,0)) -> B.Tý | H31: =HLOOKUP(C36,'384Hào'!C3:BN74,64-(Setup!AQ26-1)*11,0) -> MHC: Có đức, có lập ngôn, lớn thì làm ngoại giao, nhỏ thì làm giáo sư.
B32: =IF(AND(Setup!AT32=5,B21="*"),"*",IF(AND(Setup!AT32=8,B23="*"),"*","")) | C32: =IF((C36)="","",HLOOKUP(C36,'64Quẻ'!B5:DX11,4,0)) -> — — | D32: =IF(C36="","",HLOOKUP(C36&1,'64Quẻ'!B5:DY11,4,0)) -> B.Tuất | H32: =HLOOKUP(C36,'384Hào'!C3:BN74,65-(Setup!AQ26-1)*11,0) -> MKH: Thì cũng ngâm nga như Đào Tiềm, luận bàn kim cổ, được bằng hữu phụ hội, sinh kế bình thường.
B33: =IF(AND(Setup!AT32=5,B22="*"),"*",IF(AND(Setup!AT32=8,B18="*"),"*","")) | C33: =IF((C36)="","",HLOOKUP(C36,'64Quẻ'!B5:DX11,5,0)) -> ——— | D33: =IF(C36="","",HLOOKUP(C36&1,'64Quẻ'!B5:DY11,5,0)) -> B.Thân | F33: =Setup!AR27 | I33: =HLOOKUP(C36,'384Hào'!C3:BN74,66-(Setup!AQ26-1)*11,0) -> QC: Hiển đạt thì ở vị cao cấp Trung Ương, chưa hiển đạt thì cũng giữ chức ngôn luận.
B34: =IF(AND(Setup!AT32=5,B23="*"),"*",IF(AND(Setup!AT32=8,B19="*"),"*","")) | C34: =IF((C36)="","",HLOOKUP(C36,'64Quẻ'!B5:DX11,6,0)) -> — — | D34: =IF(C36="","",HLOOKUP(C36&1,'64Quẻ'!B5:DY11,6,0)) -> B.Ngọ | F34: =Setup!AR28 | I34: =HLOOKUP(C36,'384Hào'!C3:BN74,67-(Setup!AQ26-1)*11,0) -> GS: Nhờ một lời nói trúng đại nhân mà khoa danh thành tựu.
B35: =IF(AND(Setup!AT32=5,B18="*"),"*",IF(AND(Setup!AT32=8,B20="*"),"*","")) | C35: =IF((C36)="","",HLOOKUP(C36,'64Quẻ'!B5:DX11,7,0)) -> — — | D35: =IF(C36="","",HLOOKUP(C36&1,'64Quẻ'!B5:DY11,7,0)) -> B.Thìn | F35: =Setup!AR29 -> HC | I35: =HLOOKUP(C36,'384Hào'!C3:BN74,68-(Setup!AQ26-1)*11,0) -> NT: Hợp nhân tình, mưu được toại ý. Số xấu thì vạ miệng. Già trẻ khó về sinh kế.
C36: =IF('Đại Vận'!C13="","",HLOOKUP(Setup!AP29,'64Quẻ'!B4:DX5,2,0)) -> Cấn | L36: =HLOOKUP(C36,'384Hào'!C3:BN74,69-(Setup!AQ26-1)*11,0) -> Lời ngay cùng lẽ phải, | N36: =HLOOKUP(C36,'384Hào'!C3:BN74,71-(Setup!AQ26-1)*11,0) -> Đừng hiềm danh lợi muộn,
C37: =IF(C36="","",HLOOKUP(C36,'64Quẻ'!B5:DX25,21,0)) -> 4 | L37: =HLOOKUP(C36,'384Hào'!C3:BN74,70-(Setup!AQ26-1)*11,0) -> Nên không hối hận gì. | N37: =HLOOKUP(C36,'384Hào'!C3:BN74,72-(Setup!AQ26-1)*11,0) -> Xuân sang phúc lộc kỳ.
G38: =HLOOKUP(C48,'384Hào'!C3:BN74,2,0) -> Khiêm là thoái (thoái nhượng, lùi, nhường bước, nhũn nhặn).
C39: =IF(B40=Setup!B26,"Năm nay","") | L39: =HLOOKUP(C48,'384Hào'!C3:BN74,3,0) -> Lẽ đời lo ngại nhiễu phiền, | N39: =HLOOKUP(C48,'384Hào'!C3:BN74,5,0)
B40: =B4+3 -> 2035 | L40: =HLOOKUP(C48,'384Hào'!C3:BN74,4,0) -> Tấm gương chiếu rọi nhãn tiền hư không. | N40: =HLOOKUP(C48,'384Hào'!C3:BN74,6,0)
C41: =INDEX(Setup!D11:D20,MOD(B40,10)+1)&" "&INDEX(Setup!E4:E15,MOD(B40,12)+1) -> Ất Mão | G41: =HLOOKUP(C48,'384Hào'!C3:BN74,62-(Setup!AQ33-1)*11,0) -> Khiêm nhường có tiếng, dùng việc hành quân có lợi ích chinh phục được ấp nước mình thôi.
B42: =IF(B31="*","*","") -> * | C42: =IF((C48)="","",HLOOKUP(C48,'64Quẻ'!B5:DX11,2,0)) -> — — | D42: =IF(C48="","",HLOOKUP(C48&1,'64Quẻ'!B5:DY11,2,0)) -> Q.Dậu | G42: =HLOOKUP(C48,'384Hào'!C3:BN74,63-(Setup!AQ33-1)*11,0) -> Ý HÀO: Khiêm nhường và dùng tài có giới hạn thôi.
B43: =IF(B32="*","*","") | C43: =IF((C48)="","",HLOOKUP(C48,'64Quẻ'!B5:DX11,3,0)) -> — — | D43: =IF(C48="","",HLOOKUP(C48&1,'64Quẻ'!B5:DY11,3,0)) -> Q.Hợi | H43: =HLOOKUP(C48,'384Hào'!C3:BN74,64-(Setup!AQ33-1)*11,0) -> MHC: Theo cổ, xử sự có đạo lý, làm vũ chức được như ý.
B44: =IF(B33="*","*","") | C44: =IF((C48)="","",HLOOKUP(C48,'64Quẻ'!B5:DX11,4,0)) -> — — | D44: =IF(C48="","",HLOOKUP(C48&1,'64Quẻ'!B5:DY11,4,0)) -> Q.Sửu | H44: =HLOOKUP(C48,'384Hào'!C3:BN74,65-(Setup!AQ33-1)*11,0) -> MKH: Có nhiều tri kỷ, nhưng ít người giúp mình. Quy mô nhỏ hẹp nơi gia đình thôi.
B45: =IF(B34="*","*","") | C45: =IF((C48)="","",HLOOKUP(C48,'64Quẻ'!B5:DX11,5,0)) -> ——— | D45: =IF(C48="","",HLOOKUP(C48&1,'64Quẻ'!B5:DY11,5,0)) -> B.Thân | F45: =Setup!AR34 | I45: =HLOOKUP(C48,'384Hào'!C3:BN74,66-(Setup!AQ33-1)*11,0) -> QC: Được giao quyền quân sự coi bên trong.
B46: =IF(B35="*","*","") | C46: =IF((C48)="","",HLOOKUP(C48,'64Quẻ'!B5:DX11,6,0)) -> — — | D46: =IF(C48="","",HLOOKUP(C48&1,'64Quẻ'!B5:DY11,6,0)) -> B.Ngọ | F46: =Setup!AR35 | I46: =HLOOKUP(C48,'384Hào'!C3:BN74,67-(Setup!AQ33-1)*11,0) -> GS: Thi bằng nhỏ, danh cao dần dần.
B47: =IF(B30="*","*","") | C47: =IF((C48)="","",HLOOKUP(C48,'64Quẻ'!B5:DX11,7,0)) -> — — | D47: =IF(C48="","",HLOOKUP(C48&1,'64Quẻ'!B5:DY11,7,0)) -> B.Thìn | F47: =Setup!AR36 -> HC | I47: =HLOOKUP(C48,'384Hào'!C3:BN74,68-(Setup!AQ33-1)*11,0) -> NT: Có kiện tụng, nhưng tự nhiên minh giải được.
C48: =IF('Đại Vận'!C13="","",HLOOKUP(Setup!AP36,'64Quẻ'!B4:DX5,2,0)) -> Khiêm | L48: =HLOOKUP(C48,'384Hào'!C3:BN74,69-(Setup!AQ33-1)*11,0) -> Làm gì ai cũng biết thừa, | N48: =HLOOKUP(C48,'384Hào'!C3:BN74,71-(Setup!AQ33-1)*11,0)
C49: =IF(C48="","",HLOOKUP(C48,'64Quẻ'!B5:DX25,21,0)) -> 9 | L49: =HLOOKUP(C48,'384Hào'!C3:BN74,70-(Setup!AQ33-1)*11,0) -> Nghĩa công chưa đạt, lòng ta vẫn bền. | N49: =HLOOKUP(C48,'384Hào'!C3:BN74,72-(Setup!AQ33-1)*11,0)
G50: =HLOOKUP(C60,'384Hào'!C3:BN74,2,0) -> Minh Di là Thương (có ánh sáng nhưng bị tổn thương).
C51: =IF(B52=Setup!B26,"Năm nay","") | L51: =HLOOKUP(C60,'384Hào'!C3:BN74,3,0) -> Người rình trong đất tổn thương, | N51: =HLOOKUP(C60,'384Hào'!C3:BN74,5,0)
B52: =B4+4 -> 2036 | L52: =HLOOKUP(C60,'384Hào'!C3:BN74,4,0) -> Tuổi dương phòng bệnh khó lường hư hao. | N52: =HLOOKUP(C60,'384Hào'!C3:BN74,6,0)
C53: =INDEX(Setup!D11:D20,MOD(B52,10)+1)&" "&INDEX(Setup!E4:E15,MOD(B52,12)+1) -> Bính Thìn | G53: =HLOOKUP(C60,'384Hào'!C3:BN74,62-(Setup!AQ40-1)*11,0) -> Sự tổn thương (như con chim) lúc bay, đau rũ cánh xuống, người Quân tử (tri cơ) phải đi (để tránh nạn), vội nên ba ngày không ăn, có chuyện đi xa như thế, chắc hẳn người ta cũng có lời bàn tán (nghi ngờ) (hào 1 tránh xa được hào 6 âm là lúc cực tổn thương).
B54: =IF(B43="*","*","") | C54: =IF((C60)="","",HLOOKUP(C60,'64Quẻ'!B5:DX11,2,0)) -> — — | D54: =IF(C60="","",HLOOKUP(C60&1,'64Quẻ'!B5:DY11,2,0)) -> Q.Dậu | G54: =HLOOKUP(C60,'384Hào'!C3:BN74,63-(Setup!AQ40-1)*11,0) -> Ý HÀO: Biết cơ nên tránh sự tổn thương.
B55: =IF(B44="*","*","") | C55: =IF((C60)="","",HLOOKUP(C60,'64Quẻ'!B5:DX11,3,0)) -> — — | D55: =IF(C60="","",HLOOKUP(C60&1,'64Quẻ'!B5:DY11,3,0)) -> Q.Hợi | H55: =HLOOKUP(C60,'384Hào'!C3:BN74,64-(Setup!AQ40-1)*11,0) -> MHC: Sáng suốt trong sạch nên đắc dụng thời bình, tránh họa thời loạn.
B56: =IF(B45="*","*","") | C56: =IF((C60)="","",HLOOKUP(C60,'64Quẻ'!B5:DX11,4,0)) -> — — | D56: =IF(C60="","",HLOOKUP(C60&1,'64Quẻ'!B5:DY11,4,0)) -> Q.Sửu | H56: =HLOOKUP(C60,'384Hào'!C3:BN74,65-(Setup!AQ40-1)*11,0) -> MKH: Có chí lớn, nhưng động làm là bị tổn thương, dù có công nhưng khó được hưởng lộc.
B57: =IF(B46="*","*","") | C57: =IF((C60)="","",HLOOKUP(C60,'64Quẻ'!B5:DX11,5,0)) -> ——— | D57: =IF(C60="","",HLOOKUP(C60&1,'64Quẻ'!B5:DY11,5,0)) -> K.Hợi | F57: =Setup!AR41 | I57: =HLOOKUP(C60,'384Hào'!C3:BN74,66-(Setup!AQ40-1)*11,0) -> QC: Có thể gần mặt trời, phụ tá thân mật nhưng phòng tổn thương.
B58: =IF(B47="*","*","") | C58: =IF((C60)="","",HLOOKUP(C60,'64Quẻ'!B5:DX11,6,0)) -> — — | D58: =IF(C60="","",HLOOKUP(C60&1,'64Quẻ'!B5:DY11,6,0)) -> K.Sửu | F58: =Setup!AR42 -> ĐNK | I58: =HLOOKUP(C60,'384Hào'!C3:BN74,67-(Setup!AQ40-1)*11,0) -> GS: Có tin thắng lợi.
B59: =IF(B42="*","*","") -> * | C59: =IF((C60)="","",HLOOKUP(C60,'64Quẻ'!B5:DX11,7,0)) -> ——— | D59: =IF(C60="","",HLOOKUP(C60&1,'64Quẻ'!B5:DY11,7,0)) -> K.Mão | F59: =Setup!AR43 -> HC | I59: =HLOOKUP(C60,'384Hào'!C3:BN74,68-(Setup!AQ40-1)*11,0) -> NT: Tai bay vạ gió, chân tay bị đau. Số tốt có người đem ngựa xe đến.
C60: =IF('Đại Vận'!C13="","",HLOOKUP(Setup!AP43,'64Quẻ'!B4:DX5,2,0)) -> M.Di | L60: =HLOOKUP(C60,'384Hào'!C3:BN74,69-(Setup!AQ40-1)*11,0) -> Một cẳng bước hai thuyền, | N60: =HLOOKUP(C60,'384Hào'!C3:BN74,71-(Setup!AQ40-1)*11,0) -> Đoàn viên thêm phí sức,
C61: =IF(C60="","",HLOOKUP(C60,'64Quẻ'!B5:DX25,21,0)) -> 8 | L61: =HLOOKUP(C60,'384Hào'!C3:BN74,70-(Setup!AQ40-1)*11,0) -> Một gương chiếu hai bên. | N61: =HLOOKUP(C60,'384Hào'!C3:BN74,72-(Setup!AQ40-1)*11,0) -> Phí sức lại đoàn viên.
G62: =HLOOKUP(C72,'384Hào'!C3:BN74,2,0) -> Thái là Thông (thời vận hanh thông, rất tốt). Phàm số được quẻ này mà hợp cách cục là cực tốt. Có triệu chứng xuất tướng nhập tướng. Lại sanh tháng 1 là cách công danh phú quý, nếu sinh không đúng thời mà phúc nhỏ, thì chỉ nên thủ phận an thường.
C63: =IF(B64=Setup!B26,"Năm nay","") | L63: =HLOOKUP(C72,'384Hào'!C3:BN74,3,0) -> Tuần hoàn bĩ thái luật trời, | N63: =HLOOKUP(C72,'384Hào'!C3:BN74,5,0) -> Tiền trình giữ bước vững vàng,
B64: =B4+5 -> 2037 | L64: =HLOOKUP(C72,'384Hào'!C3:BN74,4,0) -> Mừng khi sinh dục được thời phong quang. | N64: =HLOOKUP(C72,'384Hào'!C3:BN74,6,0) -> Trên đường muôn dặm gió dương thuận buồm.
C65: =INDEX(Setup!D11:D20,MOD(B64,10)+1)&" "&INDEX(Setup!E4:E15,MOD(B64,12)+1) -> Đinh Tỵ | G65: =HLOOKUP(C72,'384Hào'!C3:BN74,62-(Setup!AQ47-1)*11,0) -> Bao dong cả hoang tạp, dùng (can đảm) lội sông, chẳng bỏ sót kẻ ở xa, quên bè phái, được đúng đạo trung hành.
B66: =IF(B55="*","*","") | C66: =IF((C72)="","",HLOOKUP(C72,'64Quẻ'!B5:DX11,2,0)) -> — — | D66: =IF(C72="","",HLOOKUP(C72&1,'64Quẻ'!B5:DY11,2,0)) -> Q.Dậu | G66: =HLOOKUP(C72,'384Hào'!C3:BN74,63-(Setup!AQ47-1)*11,0) -> Ý HÀO: Có đức cương trung, giữ được nghiệp lớn.
B67: =IF(B56="*","*","") | C67: =IF((C72)="","",HLOOKUP(C72,'64Quẻ'!B5:DX11,3,0)) -> — — | D67: =IF(C72="","",HLOOKUP(C72&1,'64Quẻ'!B5:DY11,3,0)) -> Q.Hợi | H67: =HLOOKUP(C72,'384Hào'!C3:BN74,64-(Setup!AQ47-1)*11,0) -> MHC: Độ lượng dung nạp được hết, không thiên gần bỏ xa, mở được vận hội thanh bình, hưởng phú quý.
B68: =IF(B57="*","*","") | C68: =IF((C72)="","",HLOOKUP(C72,'64Quẻ'!B5:DX11,4,0)) -> — — | D68: =IF(C72="","",HLOOKUP(C72&1,'64Quẻ'!B5:DY11,4,0)) -> Q.Sửu | H68: =HLOOKUP(C72,'384Hào'!C3:BN74,65-(Setup!AQ47-1)*11,0) -> MKH: Cũng là kẻ sĩ cẩn hậu được kính trọng nơi hương lý, giàu có đầy đặn.
B69: =IF(B58="*","*","") | C69: =IF((C72)="","",HLOOKUP(C72,'64Quẻ'!B5:DX11,5,0)) -> ——— | D69: =IF(C72="","",HLOOKUP(C72&1,'64Quẻ'!B5:DY11,5,0)) -> G.Thìn | F69: =Setup!AR48 -> TNK | I69: =HLOOKUP(C72,'384Hào'!C3:BN74,66-(Setup!AQ47-1)*11,0) -> QC: Bảo vệ biên cương, sông hồ.
B70: =IF(B59="*","*","") -> * | C70: =IF((C72)="","",HLOOKUP(C72,'64Quẻ'!B5:DX11,6,0)) -> ——— | D70: =IF(C72="","",HLOOKUP(C72&1,'64Quẻ'!B5:DY11,6,0)) -> G.Dần | F70: =Setup!AR49 | I70: =HLOOKUP(C72,'384Hào'!C3:BN74,67-(Setup!AQ47-1)*11,0) -> GS: Tiến thủ thành danh, doanh mưu hoạch lợi.
B71: =IF(B54="*","*","") | C71: =IF((C72)="","",HLOOKUP(C72,'64Quẻ'!B5:DX11,7,0)) -> ——— | D71: =IF(C72="","",HLOOKUP(C72&1,'64Quẻ'!B5:DY11,7,0)) -> G.Tý | F71: =Setup!AR50 | I71: =HLOOKUP(C72,'384Hào'!C3:BN74,68-(Setup!AQ47-1)*11,0) -> NT: Được qua nơi tôn quý. Nếu không hợp cục đắc vị thì đề phòng bậc tôn trưởng bị tổn thiệt, ngôn ngữ mếch lòng, có hại.
C72: =IF('Đại Vận'!C13="","",HLOOKUP(Setup!AP50,'64Quẻ'!B4:DX5,2,0)) -> Thái | L72: =HLOOKUP(C72,'384Hào'!C3:BN74,69-(Setup!AQ47-1)*11,0) -> Đạo trung thuận đã yên lòng, | N72: =HLOOKUP(C72,'384Hào'!C3:BN74,71-(Setup!AQ47-1)*11,0)
C73: =IF(C72="","",HLOOKUP(C72,'64Quẻ'!B5:DX25,21,0)) -> 1 | L73: =HLOOKUP(C72,'384Hào'!C3:BN74,70-(Setup!AQ47-1)*11,0) -> Trước non cửa mở, đầu sông cá vào. | N73: =HLOOKUP(C72,'384Hào'!C3:BN74,72-(Setup!AQ47-1)*11,0)
G74: =IF(C84="","",HLOOKUP(C84,'384Hào'!C3:BN74,2,0))
C75: =IF(B76=Setup!B26,"Năm nay","") | L75: =IF(C84="","",HLOOKUP(C84,'384Hào'!C3:BN74,3,0)) | N75: =IF(C84="","",HLOOKUP(C84,'384Hào'!C3:BN74,5,0))
B76: =IF(Setup!AT32=5,"",B64+1) | L76: =IF(C84="","",HLOOKUP(C84,'384Hào'!C3:BN74,4,0)) | N76: =IF(C84="","",HLOOKUP(C84,'384Hào'!C3:BN74,6,0))
C77: =IF(Setup!AT32=5,"",INDEX(Setup!D11:D20,MOD(B76,10)+1)&" "&INDEX(Setup!E4:E15,MOD(B76,12)+1)) | G77: =IF(C84="","",HLOOKUP(C84,'384Hào'!C3:BN74,62-(Setup!AQ54-1)*11,0))
B78: =IF(AND(Setup!AT32=8,B67="*"),"*",IF(Setup!AT32=5,"","")) | C78: =IF(C84="", "",HLOOKUP(C84,'64Quẻ'!B5:DX11,2,0)) | D78: =IF(C84="","",HLOOKUP(C84&1,'64Quẻ'!B5:DY11,2,0)) | G78: =IF(C84="","",HLOOKUP(C84,'384Hào'!C3:BN74,63-(Setup!AQ54-1)*11,0))
B79: =IF(AND(Setup!AT32=8,B68="*"),"*",IF(Setup!AT32=5,"","")) | C79: =IF(C84="", "",HLOOKUP(C84,'64Quẻ'!B5:DX11,3,0)) | D79: =IF(C84="","",HLOOKUP(C84&1,'64Quẻ'!B5:DY11,3,0)) | H79: =IF(C84="","",HLOOKUP(C84,'384Hào'!C3:BN74,64-(Setup!AQ54-1)*11,0))
B80: =IF(AND(Setup!AT32=8,B69="*"),"*",IF(Setup!AT32=5,"","")) | C80: =IF(C84="", "",HLOOKUP(C84,'64Quẻ'!B5:DX11,4,0)) | D80: =IF(C84="","",HLOOKUP(C84&1,'64Quẻ'!B5:DY11,4,0)) | H80: =IF(C84="","",HLOOKUP(C84,'384Hào'!C3:BN74,65-(Setup!AQ54-1)*11,0))
B81: =IF(AND(Setup!AT32=8,B70="*"),"*",IF(Setup!AT32=5,"","")) | C81: =IF(C84="", "",HLOOKUP(C84,'64Quẻ'!B5:DX11,5,0)) | D81: =IF(C84="","",HLOOKUP(C84&1,'64Quẻ'!B5:DY11,5,0)) | F81: =Setup!AR55 | I81: =IF(C84="","",HLOOKUP(C84,'384Hào'!C3:BN74,66-(Setup!AQ54-1)*11,0))
B82: =IF(AND(Setup!AT32=8,B71="*"),"*",IF(Setup!AT32=5,"","")) | C82: =IF(C84="", "",HLOOKUP(C84,'64Quẻ'!B5:DX11,6,0)) | D82: =IF(C84="","",HLOOKUP(C84&1,'64Quẻ'!B5:DY11,6,0)) | F82: =Setup!AR56 | I82: =IF(C84="","",HLOOKUP(C84,'384Hào'!C3:BN74,67-(Setup!AQ54-1)*11,0))
B83: =IF(AND(Setup!AT32=8,B66="*"),"*",IF(Setup!AT32=5,"","")) | C83: =IF(C84="", "",HLOOKUP(C84,'64Quẻ'!B5:DX11,7,0)) | D83: =IF(C84="","",HLOOKUP(C84&1,'64Quẻ'!B5:DY11,7,0)) | F83: =Setup!AR57 | I83: =IF(C84="","",HLOOKUP(C84,'384Hào'!C3:BN74,68-(Setup!AQ54-1)*11,0))
C84: =IF(Setup!AT32=5,"",HLOOKUP(Setup!AP57,'64Quẻ'!B4:DX5,2,0)) | L84: =IF(C84="","",HLOOKUP(C84,'384Hào'!C3:BN74,69-(Setup!AQ54-1)*11,0)) | N84: =IF(C84="","",HLOOKUP(C84,'384Hào'!C3:BN74,71-(Setup!AQ54-1)*11,0))
C85: =IF(C84="","",HLOOKUP(C84,'64Quẻ'!B5:DX25,21,0)) | L85: =IF(C84="","",HLOOKUP(C84,'384Hào'!C3:BN74,70-(Setup!AQ54-1)*11,0)) | N85: =IF(C84="","",HLOOKUP(C84,'384Hào'!C3:BN74,72-(Setup!AQ54-1)*11,0))
G86: =IF(C84="","",HLOOKUP(C96,'384Hào'!C3:BN74,2,0))
C87: =IF(B88=Setup!B26,"Năm nay","") | L87: =IF(C84="","",HLOOKUP(C96,'384Hào'!C3:BN74,3,0)) | N87: =IF(C84="","",HLOOKUP(C96,'384Hào'!C3:BN74,5,0))
B88: =IF(Setup!AT32=5,"",B76+1) | L88: =IF(C84="","",HLOOKUP(C96,'384Hào'!C3:BN74,4,0)) | N88: =IF(C84="","",HLOOKUP(C96,'384Hào'!C3:BN74,6,0))
C89: =IF(Setup!AT32=5,"",INDEX(Setup!D11:D20,MOD(B88,10)+1)&" "&INDEX(Setup!E4:E15,MOD(B88,12)+1)) | G89: =IF(C84="","",HLOOKUP(C96,'384Hào'!C3:BN74,62-(Setup!AQ61-1)*11,0))
B90: =IF(AND(Setup!AT32=8,B79="*"),"*",IF(Setup!AT32=5,"","")) | C90: =IF(C96="", "",HLOOKUP(C96,'64Quẻ'!B5:DX11,2,0)) | D90: =IF(C96="","",HLOOKUP(C96&1,'64Quẻ'!B5:DY11,2,0)) | G90: =IF(C84="","",HLOOKUP(C96,'384Hào'!C3:BN74,63-(Setup!AQ61-1)*11,0))
B91: =IF(AND(Setup!AT32=8,B80="*"),"*",IF(Setup!AT32=5,"","")) | C91: =IF(C96="", "",HLOOKUP(C96,'64Quẻ'!B5:DX11,3,0)) | D91: =IF(C96="","",HLOOKUP(C96&1,'64Quẻ'!B5:DY11,3,0)) | H91: =IF(C84="","",HLOOKUP(C96,'384Hào'!C3:BN74,64-(Setup!AQ61-1)*11,0))
B92: =IF(AND(Setup!AT32=8,B81="*"),"*",IF(Setup!AT32=5,"","")) | C92: =IF(C96="", "",HLOOKUP(C96,'64Quẻ'!B5:DX11,4,0)) | D92: =IF(C96="","",HLOOKUP(C96&1,'64Quẻ'!B5:DY11,4,0)) | H92: =IF(C84="","",HLOOKUP(C96,'384Hào'!C3:BN74,65-(Setup!AQ61-1)*11,0))
B93: =IF(AND(Setup!AT32=8,B82="*"),"*",IF(Setup!AT32=5,"","")) | C93: =IF(C96="", "",HLOOKUP(C96,'64Quẻ'!B5:DX11,5,0)) | D93: =IF(C96="","",HLOOKUP(C96&1,'64Quẻ'!B5:DY11,5,0)) | F93: =Setup!AR62 | I93: =IF(C84="","",HLOOKUP(C96,'384Hào'!C3:BN74,66-(Setup!AQ61-1)*11,0))
B94: =IF(AND(Setup!AT32=8,B83="*"),"*",IF(Setup!AT32=5,"","")) | C94: =IF(C96="", "",HLOOKUP(C96,'64Quẻ'!B5:DX11,6,0)) | D94: =IF(C96="","",HLOOKUP(C96&1,'64Quẻ'!B5:DY11,6,0)) | F94: =Setup!AR63 | I94: =IF(C84="","",HLOOKUP(C96,'384Hào'!C3:BN74,67-(Setup!AQ61-1)*11,0))
B95: =IF(AND(Setup!AT32=8,B78="*"),"*",IF(Setup!AT32=5,"","")) | C95: =IF(C96="", "",HLOOKUP(C96,'64Quẻ'!B5:DX11,7,0)) | D95: =IF(C96="","",HLOOKUP(C96&1,'64Quẻ'!B5:DY11,7,0)) | F95: =Setup!AR64 | I95: =IF(C84="","",HLOOKUP(C96,'384Hào'!C3:BN74,68-(Setup!AQ61-1)*11,0))
C96: =IF(Setup!AT32=5,"",HLOOKUP(Setup!AP64,'64Quẻ'!B4:DX5,2,0)) | L96: =IF(C84="","",HLOOKUP(C96,'384Hào'!C3:BN74,69-(Setup!AQ61-1)*11,0)) | N96: =IF(C84="","",HLOOKUP(C96,'384Hào'!C3:BN74,71-(Setup!AQ61-1)*11,0))
C97: =IF(C96="","",HLOOKUP(C96,'64Quẻ'!B5:DX25,21,0)) | L97: =IF(C84="","",HLOOKUP(C96,'384Hào'!C3:BN74,70-(Setup!AQ61-1)*11,0)) | N97: =IF(C84="","",HLOOKUP(C96,'384Hào'!C3:BN74,72-(Setup!AQ61-1)*11,0))
G98: =IF(C84="","",HLOOKUP(C108,'384Hào'!C3:BN74,2,0))
C99: =IF(B100=Setup!B26,"Năm nay","") | L99: =IF(C84="","",HLOOKUP(C108,'384Hào'!C3:BN74,3,0)) | N99: =IF(C84="","",HLOOKUP(C108,'384Hào'!C3:BN74,5,0))
B100: =IF(Setup!AT32=5,"",B76+2) | L100: =IF(C84="","",HLOOKUP(C108,'384Hào'!C3:BN74,4,0)) | N100: =IF(C84="","",HLOOKUP(C108,'384Hào'!C3:BN74,6,0))
...

Sheet 384Hào
C2: 1 | D2: 2 | E2: 3 | F2: 4 | G2: 5 | H2: 6 | I2: 7 | J2: 8 | K2: 9 | L2: 10 | M2: 11 | N2: 12 | O2: 13 | P2: 14 | Q2: 15 | R2: 16 | S2: 17 | T2: 18 | U2: 19 | V2: 20 | W2: 21 | X2: 22 | Y2: 23 | Z2: 24 | AA2: 25 | AB2: 26 | AC2: 27 | AD2: 28 | AE2: 29 | AF2: 30 | AG2: 31 | AH2: 32 | AI2: 33 | AJ2: 34 | AK2: 35 | AL2: 36 | AM2: 37 | AN2: 38 | AO2: 39 | AP2: 40 | AQ2: 41 | AR2: 42 | AS2: 43 | AT2: 44 | AU2: 45 | AV2: 46 | AW2: 47 | AX2: 48 | AY2: 49 | AZ2: 50 | BA2: 51 | BB2: 52 | BC2: 53 | BD2: 54 | BE2: 55 | BF2: 56 | BG2: 57 | BH2: 58 | BI2: 59 | BJ2: 60 | BK2: 61 | BL2: 62 | BM2: 63 | BN2: 64
C3: Càn | D3: Khôn | E3: Truân | F3: Mông | G3: Nhu | H3: Tụng | I3: Sư | J3: Tỷ | K3: T.Súc | L3: Lý | M3: Thái | N3: Bĩ | O3: Đ.Nhân | P3: Đ.Hữu | Q3: Khiêm | R3: Dự | S3: Tùy | T3: Cổ | U3: Lâm | V3: Quan | W3: P.Hạp | X3: Bí | Y3: Bác | Z3: Phục | AA3: V.Vọng | AB3: Đ.Súc | AC3: Di | AD3: Đ.Quá | AE3: Khảm | AF3: Ly | AG3: Hàm | AH3: Hằng | AI3: Độn | AJ3: Đ.Tráng | AK3: Tấn | AL3: M.Di | AM3: G.Nhân | AN3: Khuể | AO3: Kiển | AP3: Giải | AQ3: Tổn | AR3: Ích | AS3: Quải | AT3: Cấu | AU3: Tụy | AV3: Thăng | AW3: Khốn | AX3: Tỉnh | AY3: Cách | AZ3: Đỉnh | BA3: Chấn | BB3: Cấn | BC3: Tiệm | BD3: Q.Muội | BE3: Phong | BF3: Lữ | BG3: Tốn | BH3: Đoài | BI3: Hoán | BJ3: Tiết | BK3: T.Phu | BL3: T.Quá | BM3: K.Tế | BN3: V.Tế
C4: Kiền là Kiện (khỏe mạnh). Lại sanh từ tháng 2 đến trước tháng 8 là được mùa sanh, hưởng phúc đức. Dù ở hào vị kém cũng vẫn tốt. Nếu không được tuổi Nạp giáp và không được mùa sinh, thì dù ngồi hào vị tốt cũng vẫn là người vất vả long đong và kiêu trá nữa. | D4: Khôn là thuận (Thuận lợi, hiền từ). Nếu sanh tháng 10 thì chắc chắn làm chức vị lớn (ngày xưa là bậc đại thần) danh cao đức hậu. Nếu sinh không đúng mùa, lại ngồi hào vị kém, thì cũng làm chủ nhân ông điền sản, hưởng phúc lộc thọ. Thầy tu thì phước dày. Nữ mạng thì hiếu hòa, chồng sang con quý. | E4: Truân là nan (khó khăn, nhưng rồi có cơ hội). Lại sanh vào tháng 6 là cách công danh, phú quý. Sinh từ tháng 2 đến tháng 8 cũng được hưởng phúc dày. Những tháng khác thì kém. | F4: Mông là Muội (còn ngu tối cần được hướng dẫn). | G4: Nhu là thuận (mềm dẻo, đợi chờ thời cơ). Lại sanh tháng 8 là cách phú quý. Cần được số âm dương, Nguyên đường, Quẻ Hào hợp cách là đúng số tốt. | H4: Tụng là Luận (bàn cãi, kiện tụng). | I4: Sư là chúng (đám đông, quân đội) gian nan rồi thành công. (Chữ SƯ ngày xưa gợi ý: Sư-Phó, Sư-Bảo, Sư-Tướng, Thiên Sư v.v… Ngày nay có luật sư, giáo sư v.v...) | J4: Tỷ là Hòa (sánh vai, gần gũi, gặp dịp thuận tiện để phát triển). | K4: Tiểu Súc là Tắc (sự bế tắc nhỏ, chờ sắp giải quyết). | L4: Lý là lễ (trật tự, pháp độ thiên nhiên). | M4: Thái là Thông (thời vận hanh thông, rất tốt). Phàm số được quẻ này mà hợp cách cục là cực tốt. Có triệu chứng xuất tướng nhập tướng. Lại sanh tháng 1 là cách công danh phú quý, nếu sinh không đúng thời mà phúc nhỏ, thì chỉ nên thủ phận an thường. | N4: Bĩ là tắc (Bế tắc, mắc kẹt). Được quẻ, 3 hào trên là đạo quân tử thì tốt, 3 hào dưới là đạo tiểu nhân thì xấu. | O4: Đồng Nhân là Thân (tìm bạn đồng tâm đồng lực). | P4: Đại Hữu là Khoan (rộng lớn). | Q4: Khiêm là thoái (thoái nhượng, lùi, nhường bước, nhũn nhặn). | R4: Dự là Duyệt (hòa vui). Lại sanh tháng 5 là cách công danh phú quý. Sấm nổ tháng 3, tháng 8 cũng vang lừng, đại phú quý. Những tháng khác, phúc nhỏ. | S4: Tùy là Thuận (theo hoàn cảnh). Lại sanh tháng 7 là cách công danh phú quý, sinh từ tháng 2 đến tháng 8 cũng phúc dày. Sinh từ tháng 9 đến tháng 1 thì phúc kém. | T4: Cổ là Sự, Hoại (lắm việc, hư hoại). Phàm được quẻ này phần nhiều bắt đầu phải gian nan, hoặc mê muội, sau mới làm thành, được thừa hưởng tổ nghiệp. Nhưng đối với cha mẹ, gia đình, không được thuận thảo. | U4: Lâm là Đại (lớn tức người trên đến với người dưới). | V4: Quan là quan sát (xem xét kiểm thảo). | W4: Phệ Hạp là Khiết hợp (cắn ngậm lại, ngục hình). Lại sanh tháng 2, tháng 8 là cách công danh phú quý | X4: Bí là sức (trang sức, làm cảnh đẹp thêm). | Y4: Bác là Lạc (rơi rụng, tan mất). Được quẻ này phần nhiều là người làm lớn hay là quý nhân nhưng không tránh khỏi cô lập hình khắc. Lại sanh tháng 9 là cách công danh phú quý. Sinh những tháng khác thì không khỏi anh em bất hòa, bôn ba vất vả. | Z4: Phục là Phản (trở lại). | AA4: Vô Vọng là Vô dục vọng (phóng nhậm tự nhiên). | AB4: Đại súc là Tụ (tích trữ sức lớn để chờ thời). | AC4: Di là Dưỡng (nuôi). Lại sanh tháng tháng 2 đến tháng 8 là cách công danh phú quý. | AD4: Đại Quá là Họa (hư hao, gian nan, lớn đi quá mức). | AE4: Khảm là Hãm (hiểm, mắc kẹt, linh lạc, gian nan). | AF4: Ly là Lệ (sáng đẹp, văn minh). | AG4: Hàm là Cảm (giao cảm, cảm thông, cảm động). | AH4: Hằng là Cửu (lâu, thường luôn, đương nhiên cứ thế). Lại sanh tháng 1 là cách công danh phú quý. Sinh từ tháng 9 đến tháng 12 thì phúc kém. | AI4: Độn là Thoái (lùi về, ở ẩn). | AJ4: Đại Tráng là Chí (tức Ý chí là mạnh). Lại sanh tháng 2 là cách công danh phú quý. Xuân hạ thì được phúc dày. Thu đông phúc mỏng, tháng 7, 8 hãy còn được mùa. | AK4: Tấn là Tiến (tiến bước, thời vận đến). | AL4: Minh Di là Thương (có ánh sáng nhưng bị tổn thương). | AM4: Gia Nhân là Đồng (cùng với người nhà hòa thuận vui vẻ). | AN4: Khuê là Vi, Bội (trái ngược nhau, khác nhau). | AO4: Kiển là Nan (gian nan, vất vả). | AP4: Giải là Tán (Tan biến cởi mở hoạn nạn, uất ức…). Lại sanh tháng 12 là cách công danh phú quý. Tháng 2 tháng 8 sấm mưa đúng mùa thì phúc cũng dày. Từ tháng 9 đến tháng 1 (trừ tháng 12) thì phúc mỏng. | AQ4: Tổn là Ích (mình chịu tổn một ích để làm lợi ích cho người. Gần như hỷ xả. Tổn mà không mất hẳn, vì có cơ được hồi lại, gần như đầu tư). | AR4: Ích là Tổn (Tổn trên mà ích dưới mới thật là Ích). Lại sanh tháng 7 là cách công danh phú quý. Sinh từ tháng 2 đến tháng 8 thì phúc dày. Các tháng khác phúc nhỏ. | AS4: Quải là Quyết (quyết đấu, quyết tâm, quyết nghị, quyết đoán...). Lại sanh tháng 3 là cách công danh phú quý, Kiền Đoài đều là Kim, sinh mùa thu cũng được mùa. | AT4: Cấu là Ngộ (ngẫu nhiên gặp gỡ). | AU4: Tụy là Tụ (tụ họp đông đảo: thi thố, vui buồn phức tạp). | AV4: Thăng là Tiến (từ thấp tiến dần lên cao). | AW4: Khốn là Nguy (nguy nan khốn khổ, nên kiên nhẫn). | AX4: Tỉnh là Tĩnh (an tĩnh đợi thời vận như đợi mạch nước giếng thơi). | AY4: Cách là Cải (thay đổi mạnh mẽ, thay cũ đổi mới). | AZ4: Đỉnh là Định (An định, đặt yên như đỉnh đứng 3 chân vững vàng). | BA4: Chấn là Động (chấn động như sấm nổ vang, phấn phát lên, thanh thế mạnh lớn). | BB4: Cấn là Chỉ (ngăn bước, ngừng lại, trở ngại trùng trùng). | BC4: Tiệm là Tiến (tiến dần như chim bay lên cao dần). | BD4: Quy Muội là Đại, là bất chính thức (không căng trì tế nhị, xử sự đại đi cho xong việc, sau sẽ làm cứ hối, cần phải kiểm thảo). | BE4: Phong là Phong mãn, Phong phú, là Đại (lớn, đầy, thịnh nên e rằng đến cực rồi sẽ suy). | BF4: Lữ là Khách (khách lữ hành đi xa, không yên trí, lúc nào cũng phải thận trọng). | BG4: Tốn là Thuận (thuận nhi nhập, thuận theo để đi vào một công việc gì, có mềm dẻo mới thành công). Lại sanh tháng 4 là cách công danh phú quý, sanh mùa Xuân, mùa Hạ cũng được phúc dày. | BH4: Đoài là Duyệt (hỷ duyệt, vui lòng, vừa ý, song hỷ...). | BI4: Hoán là Tán (tiêu tan, không tụ một chỗ). | BJ4: Tiết là Chỉ (hữu hạn nhi chỉ, đến một thời gian nào thì ngừng. Có chừng mực, có tiết độ, tiết tháo, tiết chế). | BK4: Trung Phu là Tín (chí thành, hòa hoãn, thong thả). | BL4: Tiểu Quá (cái nhỏ đi quá một chút, bất hòa). | BM4: Ký Tế là Dĩ thành (đã thành rồi, danh lợi đủ cả, chỉ phòng khi thịnh hóa suy). | BN4: Vị Tế là Thất (mất thăng bằng, chưa thành đạt, nhưng chớ bi quan, có hy vọng).
C5: Vận Kiền công nghiệp ai bì, | D5: Cá đầy nước, Giai nhân ngọc đẹp, | E5: Ra tay gỡ mối Kinh Luân, | F5: Tiến thoái ý chưa quyết, | G5: Vỗ chèo, bơi miết trên sông | H5: Bước chân vào chỗ chông gai, | I5: Sức đám đông, rõ bầy ra | J5: Rừng cây, xuân tới nơi | K5: Trường sơn muốn vượt về thăm, | L5: Nơi này dù chửa an tâm, | M5: Tuần hoàn bĩ thái luật trời, | N5: Có lộc mà cũng không màng lộc, | O5: Bĩ lâu nay, sạch nạn rồi | P5: Bụi đời đắm đuối bao phen, | Q5: Lẽ đời lo ngại nhiễu phiền, | R5: Tiếng sấm vang lừng bao biến hóa, | S5: Âm dương xuất xử phải tùy, | T5: Việc dù có đẹp nữa chăng, | U5: Cẩn thường điều độ không sai, | V5: Yên thân lợi xứ hành, | W5: Ngục tù phép tắc có minh, | X5: Không cầu, lộc tự trời cho | Y5: Bền dưới nhà ở mới yên, | Z5: Một đời danh lợi thực hư, | AA5: Thân này bằng cấp cũng không, | AB5: Mái chèo vượt sóng muôn trùng, | AC5: Hương đan quế, áng công danh | AD5: Tâm thừa, lực thiếu ngán không, | AE5: Hiểm nghèo Khảm muốn thông, | AF5: Ngán lâu, nay thấy sáng ngời | AG5: Tự nhiên thông cảm sâu xa, | AH5: Ngồi yên quân tử chớ lo, | AI5: Đừng kêu: Vận kiển mãi trời ! | AJ5: Giữ chí, còn mưu chỉ họa tai, | AK5: Thưởng công, nước dựng dân an | AL5: Người rình trong đất tổn thương, | AM5: Rồi đây gia đạo thịnh, | AN5: Lẻ hồng bay tít dặm ngoài, | AO5: Phòng Đông-Bắc, lợi Tây-Nam | AP5: Cửa rồng vốn là khách, | AQ5: Cá mừng mưa ao cạn, | AR5: Ích tổn tại hào ba, | AS5: Phong lưu bố thí rất nên, | AT5: Gái bé đương đông chẳng đủ lo, | AU5: Âm dương hội họp mà chưa hẹn, | AV5: Tiến bước Đông Nam tốt, | AW5: Thiên hình sau chẳng đổi, | AX5: Muốn xem an lạc nơi nào, | AY5: Việc đời vốn vất vả, | AZ5: Ba chân Đỉnh đứng vững vàng, | BA5: Quế nguyệt hương đưa dặm, | BB5: Tiến hành nay Bắc với mai Đông, | BC5: Ôm cần đợi cá bên sông, | BD5: Về đi mé nước thơm lừng, | BE5: Ước hẹn rồi như mộng, | BF5: Chưa về, chưa thấy dê hầu (Mùi Thân) | BG5: Trên non không thấy mắt xanh, | BH5: Được dùng chính ở phương Tây, | BI5: Mộng vào đường thẳm thiên thai, | BJ5: Đường đi hiểm trở thì thôi, | BL5: Việc trong năm Tý Ngọ, (Tý Ngọ niên trung sự) | BM5: Trị an nên trị loạn, | BN5: Cưỡi rồng phòng thất lạc,
C6: Rồng bay chín cõi Nam Nhi thỏa lòng. | D6: Hoa đầy đường. Ngựa thuận dong cương. | E6: Trước nguy sau vững, gió xuân ôn hòa. | F6: Lòng ngờ việc chưa thành. | G6: Trước sau chưa rõ vận mòng dở hay. | H6: Thấy ai chảnh hoảnh, gượng cười cho êm. | I6: Vô tâm mà được bao la nắm quyền. | J6: Cảnh vật mới thơm tươi. | K6: Con thuyền trăng chiếu, âm thầm quê ta. | L6: Mấy hồi kinh hãi tri âm giúp liền. | M6: Mừng khi sinh dục được thời phong quang. | N6: Vị tuy cao chẳng lấy làm cao, | O6: Sông to buồm nhẹ, mây trời xanh xanh. | P6: Gặp dê hội mới, mới lên dần dần. | Q6: Tấm gương chiếu rọi nhãn tiền hư không. | R6: Núi rừng xanh tốt, vững non sông. | S6: Tâm can tùng bách coi gì tuyết sương. | T6: Cũng phòng ba lượt bị băng hoại liền. | U6: Tấm thân an tĩnh, niềm vui thái hòa. | V6: Quan sát khắp dân tình. | W6: Thì đời mới có tiến trình phong quang. | X6: Xưa buồn, nay gặp trâu bò lại vui. | Y6: Đề phòng bất trắc lo phiền xảy ra. | Z6: Quay đầu chỉ thấy thân cô mộng tàn. | AA6: Anh hùng đồ điếu lập công phi thường. | AB6: Lưỡi câu sẵn có, doanh bồng đường đây. | AC6: Người đi muôn dặm, cảnh tình vẫn thơm. | AD6: Gió xuân, chống gậy, khuây lòng câu ca. | AE6: Giữ nước, phải tương dung. | AF6: Hoàn cầu hội mới mở thời văn minh. | AG6: Giờ nên lấy vợ coi là hoàng kim. | AH6: Tiền đồ chẳng ngại trời cho chu tuyền. | AI6: Chờ năm Sửu Ngọ đường đời thênh thang. | AJ6: Nước trời gặp được tốt hòa đôi. | AK6: Tin xa tốt đẹp, trăm ngàn lộc vinh. | AL6: Tuổi dương phòng bệnh khó lường hư hao. | AM6: Âm đức nhờ tổ tông, | AN6: Tiệc vui sinh ý ngược đời, xa nhau. | AO6: Trong mây có một khác phàm giai nhân. | AP6: Sang năm cưỡi cá kình. | AQ6: Rồng mây gặp gỡ thời. | AR6: Thấy lành phải đổi ra. | AS6: Đại nhân cùng gặp hết liền gian nguy. | AT6: Chiếc thuyền lui tới sóng dềnh to. | AU6: Thuyền đóng bên sông định cứu nguy. | AV6: Trời xanh, ngày lại dài. | AW6: Kim mộc khó bề yên. | AX6: Trước tiên nghe tiếng hô hào giúp nhau. | AY6: Tuy lo chẳng ngại gì. | AZ6: Chim bằng cất cánh Quảng hàn đâu xa. | BA6: Lên mây, nỏ mất tiêu. | BB6: Cầu lộc cầu tài việc cũng thông. | BC6: Đợi lâu được cá xúm đông đớp mồi. | BD6: Mận đào một đóa đợi chừng gió xuân. | BE6: Vô duyên bị kẹt liền. | BF6: Quý nhân đội Đẩu trên đầu sáng choang. | BG6: Bên sông gặp gỡ tâm tình thương nhau. | BH6: Cùng nhau giảng tập vui vầy anh em. | BI6: Lên non chuyện ấy cùng ai hẹn ngày. | BJ6: Giữ mình tiết độ, an vui dễ dàng. | BL6: Lập gốc trước chờ heo. (Phùng chư tiên lập căn) | BM6: Vận thái dễ truân tai. | BN6: Đuôi ướt cứ loanh quanh.
D7: Đất dày chở vật, | F7: Muốn nên danh và lợi, | G7: Chiếc roi cầm sẵn trên tay, | I7: Kể ra lãnh đạo rất phiền, | J7: Hoa nở mừng nơi trú, | M7: Tiền trình giữ bước vững vàng, | N7: Chí người quân tử bền sao, | P7: Lo sao chân thực mọi phần, | T7: Vinh hoa đừng cậy uy quyền, | V7: Quẫn bách thu đông khoảng, | AE7: Sẻ quạ đương bày trận, | AH7: Phong thư đến, tự nhật biên | AJ7: Lập thân chính đại không hư hiểm, | AM7: Ân trạch trời cho giáng, | AP7: Doanh châu không chịu ở, | AQ7: Còn gì mà chẳng đẹp, | AR7: Lộc rừng xuân mới đến, | AT7: Từ đầu ngựa chạy không mang lỗi, | AU7: Hoa rụng trước sân thành quả mới, | AV7: Mệnh tươi, tai họa sạch | AW7: Chuột bọ khinh không hại, | AY7: Đổi thay cũ mới phải THÌ, Lợi tìm về phía Đông Nam, | BA7: Cánh bằng chưa dễ kịp, | BB7: Lui tới chầu cao, sau có lối | BE7: Nếu cầu hanh thái vận, | BG7: Hàn vi sau ắt sang giàu, | BH7: Gió xuân đào lý ấm êm, | BI7: Sắc xuân hương lạ gió bay, | BJ7: Niềm vui cũng phải có chừng, | BK7: Tín thành báo hỷ thường ngay, | BL7: Lộc tự trên trời xuống, (Lộc tòng thiên thượng chi) | BM7: Lợi nhỏ tìm Tây Bắc, | BN7: Nếu được cao nhân giúp,
D8: Tiến bước huy hoàng. | F8: Đợi buổi nhất dương sinh. (Quẻ phục tháng 11) | G8: Chuyến đi mừng sẽ thu này vẻ vang. | I8: Nhưng điều lợi lộc tùy duyên có nhiều. | J8: Hồng tâm điểm trúng rồi. | M8: Trên đường muôn dặm gió dương thuận buồm. | N8: Tiến lên đĩnh đạc anh hào thanh danh. | P8: Có người Mộc Khẩu ân nhân đấy mà. (Yêu cầu chân dữ thực. Mộc khẩu thị ân nhân). | T8: Sợ rằng đeo nhục khổ phiền thân tâm. | V8: Thấy hùm cũng chớ kinh. | AE8: Cùng trời chiếc nhạn tung. | AH8: Gần xa bốn biển đã truyền danh thơm. | AJ8: Tự thủ, trong rừng một quả khai. | AM8: Hai con được cưỡi rồng. | AP8: Đài điện rắp công khanh. | AQ8: Năm canh bóng nguyệt soi. | AR8: Cảm khái nếp vinh hoa. | AT8: Sợ lệnh truyền sau chửa khắp cho. | AU8: Sắp đi Tây Bắc việc còn nghi. | AV8: Danh lợi được hòa hai. | AW8: Tai nguy ngay thấy liền. | AY8: Sao cho hợp lý tùy nghi là làm. Còn phương Tây Bắc đừng nhằm mà nguy. | BA8: Nhàn tọa vẻ thanh kiêu. | BB8: Nhưng là nên thủy lại nên chung. | BE8: Phải đợi buổi Dần, Thìn. | BG8: Nhờ ơn tri ngộ, công đầu hiển vinh. | BH8: Hóa rồng nghìn dặm ngày thêm vẫy vùng. | BI8: Cành xưa hoa nở lần này đẹp hơn. | BJ8: Kiêu dâm vô độ sẵn sàng biến hung. | BK8: Hầu, Long (Thân, Thìn) mà đến, đường mây nhẹ nhàng. | BL8: Hai voi chật cửa theo (Nhị tượng mãn môn lan) | BM8: Hoa tân buổi sớm mai. | BN8: Còn gì sợ với khinh.
A9: 6 | B9: Lược nghĩa: | C9: Rồng lên cao quá, có sự hối hận. | D9: Rồng chiến ngoài nội, máu chảy đen vàng. (hào âm đến cùng cực nên xấu, Âm dương sát phạt nhau). | E9: Cưỡi ngựa dùng dằng, như (ư !) khóc ra máu chảy đầm đìa như (ư !) (thời cùng khổ). | F9: Phép đánh bật ngu tối đi, đừng nên làm cho trẻ (ức quá) mà thành giặc, không lợi. | G9: Vào nơi hang hiểm. Có ba người khách thong dong đi lại. Kính trọng họ, sau tốt. | H9: Hoặc tặng cho hắn đai lớn, trọn buổi mai, hắn lại bị tước lại ba lần. (hào 6 hay kiện, dù được khen tặng cũng chốc được chốc mất). | I9: Đại quân (nguyên thủ) có mệnh trời ra mở nước, nối nghiệp nhà, kẻ tiểu nhân chớ có dùng. | J9: Sánh vai chẳng có đầu, xấu. | K9: Đã mưa, đã ổn rồi (hào 4 âm đã được lòng cả 5 hào dương). Sự sùng đức (đối với phe âm) đã chở đầy; (nhưng ví như) người đàn bà cố chấp, có thể nguy đấy; Mặt trăng gần tới rằm (âm thịnh lắm) người Quân tử đừng vội tiến hành mà xấu. | L9: Xem lại lý lịch để xét điềm lành, thấy trọn vẹn, tốt nhất. | M9: Thành đổ xuống ụ đất, chớ dùng quân sự nữa, chỉ phát mệnh lệnh ở ấp mình thôi, giữ chính, nhưng cũng hối thẹn. | N9: Đánh đổ được bĩ, trước bĩ sau mừng. | O9: Cùng người ở khoảng đất ngoài thành, không hối hận. | P9: Tự trời giúp cho; tốt, không có gì là chẳng lợi. | Q9: Khiêm nhường có tiếng, dùng việc hành quân có lợi ích chinh phục được ấp nước mình thôi. | R9: Tối tăm mê vui, nhưng rồi có thay đổi, không lỗi gì. | S9: (Tùy gắn bó như) móc buộc lấy, lại theo mà dằng giữ lấy, vương dùng tế hưởng ở đất Tây Sơn (nghiệp lớn thành). | T9: Không thờ vương hầu, chỉ sùng cao chí của mình. | U9: Đầy đặn mà tới, tốt, không lỗi gì. | V9: Tự xem xét cách sống của mình, người Quân tử không lỗi. | W9: Đội cái cùm, đứt tai, xấu (nói người bị hình phạt). | X9: Trang sức trắng nguyên, không lỗi gì. | Y9: Quả lớn không ăn, người Quân tử được xe (dân chở) kẻ tiểu nhân sụp nhà. | Z9: Hôn mê ở thời phục là xấu: Có vạ ngoài lỗi trong, dùng hành quân sau thua to, đến nỗi quốc quân bị xấu, tới mười năm chẳng tiến lên được nữa. | AA9: Để tự nhiên, làm thì hại, không lỗi gì. | AB9: Sao mà đường trời hanh thông thế ! | AC9: Do mình mà có cái nuôi, nguy nhưng tốt, vượt sông lớn có lợi. | AD9: Lội xâu quá, ngập lút cả đỉnh đầu, xấu nhưng không lỗi gì. | AE9: Buộc (tay) dùng dây đàn, đặt (chân) vào bụi gai, ba năm chẳng được gì, xấu. | AF9: Vương dùng việc ra quân chinh phạt. Có điều tốt đẹp là bẻ gãy được tên đầu bọn, chẳng bắt tụi xấu xa theo đuôi, không lỗi gì. | AG9: Cảm đến mép, má, lưỡi (toàn bộ phận ăn nói). | AH9: Làm chấn động đạo hằng, xấu. | AI9: Ẩn tránh mà khoan thai, không có gì là không lợi. | AJ9: Con dê đực húc bờ giậu, không lùi được, không thỏa ý được, không lợi gì cả, chịu khó thời tốt. | AK9: Tiến lên đến chỗ sừng của mình (hào thượng) nhưng chỉ dùng việc trừng phạt ấp riêng của mình, dù nguy vẫn tốt, không lỗi gì, nhưng được chính cũng là xấu thẹn. | AL9: Chẳng sáng mà tối đen, mới thì lên tận trời, sau thì vào tận đất. | AM9: Có tin tưởng, thêm oai nghiêm nữa, sau hẳn tốt. | AN9: Cô đơn ở thời Khuê, thấy con heo đội bùn (bẩn lắm) một xe chở quỷ (xấu lắm), trước giương cung (định bắn) sau tháo cung ra; không phải giặc đâu, đó là người muốn kết hôn, thôi đi, gặp mưa (giải nồng) là tốt. (Tất cả trên là thái độ của hào 6 đối với hào 3, trước ngờ, sau hết ngờ, và hòa hợp). | AO9: Đi nữa thì vất vả, trở lại được việc lớn, tốt, lợi về việc gặp đại nhân (hào 5). | AP9: Ông tác dụng bắn con chim chuẩn ở trên ngọn tường cao, trúng được nó, không gì là chẳng lợi. | AQ9: Chẳng làm tổn ai nữa (Tổn đến cực rồi) mà làm ích cho người (cho hào 3), không lỗi gì, giữ chính nên tốt, ích lợi đấy tiến đi, sẽ được người quy phục mình, không cứ ở nhà riêng nào. | AR9: Chẳng làm ích thêm nữa (đến cùng rồi còn gì) hoặc đánh đuổi đi (thì có oán), lập tâm không theo đạo hằng thì xấu. | AS9: Không kêu khóc ai được (tiểu nhân hết thời rồi), kết cục là xấu. | AT9: Chỉ gặp cái sừng của mình (hào 6 cương mà ở trên cùng) xấu thẹn, không trách lỗi ai được (tự mình cô lập). | AU9: Than thở, khóc chảy nước mắt, nước mũi, mà không biết lỗi tại ai. | AV9: Cầu lên nữa là mờ ám (lên đến cùng rồi, chỉ còn có lợi ở chỗ giữ chinh không ngừng). | AW9: Bị khốn nơi dây sắn, nơi gập ghềnh, rằng hoạt động thì ăn năn, có ăn năn nhưng cứ tiến hành thì tốt (vì hết thời khốn rồi). | AX9: Giếng nước múc lên, chớ che đậy (cho mọi người cùng ăn) cứ thường thế mãi, thì tốt nhất. | AY9: Người Quân tử (lớp dân hiểu biết thực tình với cách mệnh) thì như con báo biến hóa, còn kẻ tiểu nhân (lớp dân trí nông cạn) thì cũng cách ngoài mặt (sẽ hóa dần dần); nhưng đến đây tiến hành nữa thời xấu (hào 6, giai đoạn cuối rồi), cứ giữ chính bền thời tốt. | AZ9: Cái đòn khiêng đỉnh bằng ngọc (chất cương mà hòa nhuận) điều tốt lớn lắm, không có gì là chẳng lợi. | BA9: Sấm mỏi mỏi (đến cùng rồi) nhìn kinh ngạc, tiến hành thời xấu, sấm chưa tới nơi hàng xóm, nên không lỗi gì, việc cưới xin có điều tiếng. | BB9: Dày dặn về cách ngăn ngừa, tốt. | BC9: Chim hồng tiến dần đến nơi đường mây, lông nó có thể dùng làm đồ hành ngơi (cờ quạt để đi rước), tốt. | BD9: Gái bưng giỏ mà không có thức gì chứa (để cúng lễ không xứng đáng làm vợ) trai học trò cắt tiết con dê mà không có máu (để cúng lễ, không xứng làm chồng). Không có gì ích lợi được nữa (hào 6 và hào 2 đều là âm không hợp đạo vợ chồng). | BE9: Lớn thay cái nóc, che lấp cả chỗ ở, nhìn vào ngỏ, vắng tanh không người, ba năm chẳng thấy mặt, xấu. | BF9: Như chim bị cháy tổ, lữ khách trước thì cười nói, sau phải kêu gào; mất trâu (hay bò) vì tính khinh dễ, nên mắc hung họa. | BG9: Tốn thuận như nép xuống dưới giường, mất cả tiền của và đồ phòng thân, ngoan cố càng xấu. | BH9: Kéo dài sự hòa vui (được nữa chăng ?). | BI9: Thời hoán, trừ khử được cái hại huyết đau, tống được điều sợ hãi đi, là không lỗi gì. | BJ9: Khổ sở về việc giữ tiết (vì thái quá) cứ cố giữ nữa thì xấu, biết hối hận thì khỏi xấu. | BK9: Tiếng chim bay lên trời (mà không thấy hình) cố chấp thì xấu, (hết thời tin rồi mà cứ tin thì hỏng). | BL9: Chẳng đúng đạo lý mà quá đấy, chim bay xa đấy, xấu, cho nên tai vạ. | BM9: Ngập cả đầu, nguy. | BN9: Tự tin (thong dong chờ thời) như khi uống rượu, không lỗi gì, nhưng nếu (để rượu) ướt cả đầu (đi quá trớn) thì tự tin là đánh mất lẽ phải rồi.
B10: Ý HÀO: | C10: Ý HÀO: Răn nên lưu ý khi đã bước lên tới chỗ cao vời, bấp bênh nguy hiểm của sự thịnh vượng. | D10: Ý HÀO: Âm cực, xảy ra tai họa. | E10: Ý HÀO: Tiến lên thì chẳng biết đi đâu, lo sợ vô cùng. | F10: Ý HÀO: Phải ngăn giặc (thói xấu) cho nó, thì mới có lợi. | G10: Ý HÀO: Đối với người tự dưng đến với mình mà càng kính trọng thì có thể thoát hiểm. | H10: Ý HÀO: Nên chấm dứt kiện đi, vì trước thắng, sau bại. | I10: Ý HÀO: Lập công danh đến tột mức, mà không lợi dụng vinh thăng. | J10: Ý HÀO: Kém đức thì sao cảm phục được thiên hạ. | K10: Ý HÀO: Tôn sùng đức mạnh của phe âm là hại đấy. | L10: Ý HÀO: Tận tâm với đạo lý, đạt phúc quả. | M10: Ý HÀO: Muốn cố giữ trị quyền sau khi Bĩ đã đến, rút cục chỉ thêm hổ thẹn. | N10: Ý HÀO: Bĩ đổ, hưởng phúc. | O10: Ý HÀO: Đứng riêng, tự thủ, cũng có điều sở đắc. | P10: Ý HÀO: Biết khéo xử ở thời Đại Hữu nên trời cũng giúp cho. | Q10: Ý HÀO: Khiêm nhường và dùng tài có giới hạn thôi. | R10: Ý HÀO: Vui thỏa thích nhưng biết cải biến thì không lỗi. | S10: Ý HÀO: Lấy lòng thành mà dùng đạo tùy, có thể thông cảm được với thần minh. | T10: Ý HÀO: Có đức mà không được dùng, giữ chí ở ẩn. | U10: Ý HÀO: Thân với người, rất đầy đặn. | V10: Ý HÀO: Trở lại bản thân để tự trị, làm tiêu biểu cho dân. | W10: Ý HÀO: Ác lớn, tội nặng. | X10: Ý HÀO: Trang sức đến cùng, trở về gốc cũ nên tránh được lầm lỗi. | Y10: Ý HÀO: Đi cùng đường, mà người Quân tử vẫn thế. | Z10: Ý HÀO: Sau cùng hôn mê không biết trở lại là xấu. | AA10: Ý HÀO: Tin chắc quá thì rồi hết cả tin. | AB10: Ý HÀO: Chứa càng được nhiều, thì lúc thi thố ra càng rộng lớn. | AC10: Ý HÀO: Có quyền có vị, làm việc lớn đất nước. | AD10: Ý HÀO: Tử nạn vì nước. | AE10: Ý HÀO: Vô tài mà ở chỗ cực hiểm tất nguy vong. | AF10: Ý HÀO: Việc chinh phạt đem lại sự chính đáng. | AG10: Ý HÀO: Nói cách cảm người. | AH10: Ý HÀO: Chỉ tạo động, lên không biết cố thủ, thế là không đúng đạo hằng. | AI10: Ý HÀO: Ẩn tránh mà thân khoan thai là hay. | AJ10: Ý HÀO: Hết thời tráng rồi mà còn cứ tráng, thì không lợi gì. | AK10: Ý HÀO: Vô đức, ngồi cao mà không miễn được sự trừng phạt ấp mình. | AL10: Ý HÀO: Vô đức nên không giữ được ngôi lớn. | AM10: Ý HÀO: Phải chỉnh việc nhà để đi tới kết quả thì mới tốt. | AN10: Ý HÀO: Đối với người ứng viện, trước ngờ sau hợp. | AO10: Ý HÀO: Cái nghĩa ở chỗ cứ theo vị lãnh đạo. | AP10: Ý HÀO: Giải tán được giặc bên ngoài. | AQ10: Ý HÀO: Gắng công chính đạo, làm ích lợi cho bên dưới. | AR10: Ý HÀO: Cần ích đến cùng, hoặc đến nổi phải đánh đuổi thì nhiều người oán. | AS10: Ý HÀO: Bè tiểu nhân đã hết, mà tai họa chưa lùi. | AT10: Ý HÀO: Cương không gặp ai hết. | AU10: Ý HÀO: Vô tài, vô vị mà tụ họp thiên hạ, chỉ thêm lo sợ. | AV10: Ý HÀO: Chỉ biết lên mà không biết ngừng. | AW10: Ý HÀO: Không có tài cứu khốn, nên phản tỉnh. | AX10: Ý HÀO: Đức trạch đã phổ biến, nên giữ gốc mãi. | AY10: Ý HÀO: Cách mệnh đã thành hình. Giữ chính đạo. | AZ10: Ý HÀO: Đức đẹp, công thành. | BA10: Ý HÀO: Vô tài nên chịu tai hung vậy. | BB10: Ý HÀO: Ngừng lại ở mức chí thiện. | BC10: Ý HÀO: Vượt ra ngoài sự thường tình. | BD10: Ý HÀO: Vô đức, vô ứng, ước trước mà không hẹn sau. | BE10: Ý HÀO: Sáng quá hóa tối nên xấu vậy. | BF10: Ý HÀO: Lữ khách ở nơi cao quá nên mắc họa. | BG10: Ý HÀO: Quá tốn thuận, nên xấu. | BH10: Ý HÀO: Chuyên việc làm vui người. | BI10: Ý HÀO: Có công cứu thời hoán, không hổ thẹn. | BJ10: Ý HÀO: Giữ tiết quá đáng cho nên xấu. | BK10: Ý HÀO: Không đáng tin mà cứ tin là có hại. | BL10: Ý HÀO: Đi quá rồi nên bị tai vạ. | BM10: Ý HÀO: Tài đủ tế thế, nhưng nguy. | BN10: Ý HÀO: Thuận mệnh trời để làm hết nhân sự.
B11: MHC: | C11: MHC: Tuy ngôi quý đấy, nhưng chẳng có chính vị gì và danh nghĩa gì. Nếu biết khiêm nhường, tự răn giới thì giàu sang còn có thể bền. | D11: MHC: Làm tướng lãnh ra trận lập được công, nhưng quân sĩ chết nhiều. Hoặc chức vị cao thì hay vượt quyền tiếm vị. Hoặc ở thế chênh vênh thì tác uy tác hại. | E11: MHC: Thì cũng tiến trước lùi sau, chí chẳng kiên trì, bác cổ thông kim mà công danh chẳng toại. Sinh trưởng ở đời buồn bực, già khổ. | F11: MHC: Có danh vị lợi lộc, hoặc sớm được tuyển dụng, lập chiến công, hoặc làm những chức (thời xưa là Tiết Chế binh sư, chủ quan hình Ngục). | G11: MHC: Có học, trước cần cù nhưng sau sơ sót. Bé thì ham mải công danh, già thì ẩn dật nơi hang núi, thân hiền tiếp thiện, không nản lòng. | H11: MHC: Tham công tiếc lợi, mưu đồ lớn, dám làm, chẳng cần ngó đến danh phận hay đạo lý, nên có thể nhảy ngồi vị lớn, đoạt lợi cầu may. | I11: MHC: Bậc đại nhân, được ân sủng, hưởng thọ, hoặc lập công to với đất nước, hoặc thừa ơn tổ phụ. | J11: MHC: Dù văn tài võ giỏi, cũng mất cơ hội rồi, chẳng kịp nữa. | K11: MHC: Nuôi thân, chứa của dồi dào, không hư tổn gì. | L11: MHC: Tài cao đức trọng, phúc trạch dồi dào. | M11: MHC: Đành phận nhỏ, lập quy mô nhỏ, thế mà rút cục cũng bị tỏa chiết, lỗi lầm. | N11: MHC: Chí lớn cương quyết, sắp đặt hơn người, trước gian truân, sau nhàn lạc. | O11: MHC: Tâm quảng đại, có tài đức, giàu sang. | P11: MHC: Làm lớn mà vẫn khiêm nhường, trời cũng thương, phú quý lâu bền. | Q11: MHC: Theo cổ, xử sự có đạo lý, làm vũ chức được như ý. | R11: MHC: Biết nghe cản ngăn, cải lỗi lầm, nên có ít nhiều danh lợi. | S11: MHC: Thành thực, ôn lương, huệ minh cảm phục được lòng người, nên đạt chí, thông thần. | T11: MHC: Giữ chí cao thượng, coi thường danh lợi. | U11: MHC: Đại quý nhân. Cùng đồng liêu làm việc di phong dịch tục, không biết mỏi, phước dày. | V11: MHC: Bậc thượng lưu làm gương cho dân. | W11: MHC: Giàu sang nhưng phải lo nhiều. | X11: MHC: Theo cổ nhân, chất phác, học vấn hơn đời, phúc lộc dồi dào. | Y11: MHC: Ngôi vị lớn, dẹp loạn, trị nước. | Z11: MHC: Biết đổi lỗi hóa thiện thì vẫn phú quý. | AA11: MHC: Giữ nhưng thông biến thì mới phòng được nguy, bảo vệ được phúc trạch. | AB11: MHC: Công lớn, danh cao, mở bội hòa bình, đương thời trọng vọng. | AC11: MHC: Vị tôn đức trọng, chăm lo việc nước, công huân quán thế, phúc trạch bền lâu. | AD11: MHC: Vì việc đất nước, lâm đại nạn, dám tuẫn quốc, lưu danh sử sách. | AE11: MHC: Nên ẩn cư nơi sơn lâm, hoặc làm tăng đạo. | AF11: MHC: Văn vũ toàn tài, mở vận hội thái bình. | AG11: MHC: Có đức, có ngôn luận, hoặc giữ chức về thuyết đàm, được lòng trên, xứng đáng với tiếng khen của quần chúng. | AH11: MHC: Làm đúng lý không hỏng việc, hợp nghĩa không quá chức phận. | AI11: MHC: Lòng quảng đại, không lưu ý đến yêu ghét, phúc họa, mà hưởng phúc lâu dài. | AJ11: MHC: Cố thận trọng, trong xét sự lý, ngoài thuận thời thế, khéo dùng sức tráng thì cũng tiến được. | AK11: MHC: Cương ở ngôi cực, cùng thế rồi, không hiển lên được hoặc làm Quận Trưởng “huyện tể” quân quan, có tượng là ấp thôn, dù gian nan nhưng không hại lớn. | AL11: MHC: Chí cao vị lớn, cứu đại nạn cho nước. | AM11: MHC: Có văn võ, có uy tín, đối nước, đối dân là người hoàn toàn. | AN11: MHC: Quá xét nét đâm ngờ vực, trước gặp khó khăn sau dễ dàng, hoặc sự hôn nhân trùng điệp, hoặc nhà binh lập được công, mưa là phúc trạch vui người, lợi vật. | AO11: MHC: Tài to đức lớn, công huân lừng lẫy đương thời, danh dự tên vào thiên cổ. | AP11: MHC: Văn trị được thời bình, võ dẹp được thời loạn, công huân rất lớn. | AQ11: MHC: Lòng để ở thiên hạ, chí đẹp để ở lớp cùng dân, lập công huân, hưởng phú quý. | AR11: MHC: Tham tài, tổn vật, cầu danh lấy lợi, phải lập tâm theo đạo hằng thì may còn đỡ tai họa. | AS11: MHC: Tuy phú quý, nhưng cậy thế áp người lộng quyền giựt của, ám hại người lành, sau ắt khó tránh tai họa. | AT11: MHC: Danh cao, tiếng sạch, xuất chúng, chùm đời, nói thẳng luận ngay, nhưng bị nghị luận xuyên tạc rất nhiều, nên lộc vị chẳng ổn. | AU11: MHC: Trị phải phòng loạn, an phải nhớ nguy thì bảo được thân, tránh được hại. | AV11: MHC: Là người ngay thẳng, tiến đức tu nghiệp, có thanh danh. | AW11: MHC: Sửa lỗi làm lành, rồi có đủ tài giúp nguy cứu khốn. | AX11: MHC: Đức có thực, cách trị có gốc, ơn trạch dồi dào, sự nghiệp lớn, danh thơm thiên cổ. | AY11: MHC: Trên tôn pháp luật, dưới tu tỉnh đạo đức. Cải tiến văn hóa cho tốt đẹp. | AZ11: MHC: Phú quý đến ngọc đường, Nữ mạng là tiết phụ, đức phụ. | BA11: MHC: Đề phòng họa hoạn, nên có uy tín nơi hàng xóm và giữ được thân, bảo vệ được nhà. | BB11: MHC: Phong độ cao, tiết khí vững, làm biểu tượng người lớn cho thời đại, phúc trạch thâm hậu. | BC11: MHC: Hoặc làm nghi biểu một thời hay sư biểu cho bốn phương, xa gần đều kính phục. | BD11: MHC: Có tài mà không được dùng, có bằng mà chẳng lộc vị, có vợ mà khó có con. | BE11: MHC: Được tổ nghiệp mà không quản trị nổi, cậy tài thông minh, làm bậy, sau mê tối không tỉnh, khó tránh tai họa. | BF11: MHC: Cậy tài ở trên đỉnh cao, kiêu nhũng sau mắc họa. | BG11: MHC: Khiêm tốn tự hạ làm cho kẻ cường bạo cũng mến phục, tuy không được đắc dụng, cũng giữ được bản thân. | BH11: MHC: Đẹp trên vui dưới, hòa khí tưng bừng, phúc trạch vẫn thế. | BI11: MHC: Gan trung đởm nghĩa, cứu hiểm họa cho dân, công thành việc trọn, hưởng vị cao, lộc dày. | BJ11: MHC: Kiệm ước, liêm khiết, giảm phí, giản dị, cũng có vẻ không hợp nhân tình, nhưng cũng không tổn tài hại vật. | BK11: MHC: Tuổi thanh niên đã có bằng cao, làm nên chức lớn, nhưng chỉ vì cố chấp không biết thông biến, nên chẳng được lâu. | BL11: MHC: Kiêu mạn, túng dục, không dằn được lòng mình, khoe khoang thích miệng, thị thế ngạo vật, tuy công danh được toại ý nguyện, nhưng phúc trạch khó bền. | BM11: MHC: Trị không quên loạn, an không quên nguy, thiên mệnh vững, nhân tâm nhớ lâu nên sự nghiệp Ký Tế không đến nỗi nào. | BN11: MHC: Có tài cứu vớt, đổi loạn thành trị, công lập đương thời tiếng để mai sau.
B12: MKH: | C12: MKH: Thì tự kiêu tự đại, phạm luật làm sằng, công cuộc khó thành. Nữ mạng hung hãn, việc nhà bê bối. | D12: MKH: Thì hung bạo, ngược ngạo đối với cấp trên, thích lớn ham công, ý kiến không nhất định. Xấu nữa thì làm người lính gian nan tân khổ, hoặc bị hình thương chém giết, hoặc nữa, khổ về kiện tụng hình ngục. | E12: MKH: Thì thân thích bị hình thương, hôn nhân cô khắc. | F12: MKH: Cũng là người có chí khí, không sợ đảm nhiệm việc lớn, không lừa dối trách vụ nhỏ. Hoặc làm hào lý có quyền hành. | G12: MKH: Nên thủ phận, khiêm tốn ắt được quý nhân đề cử, thoát hiểm nguy. | H12: MKH: Họa sinh nội bộ, hại tới bất ngờ, trước thành sau bại, thân gia khó bảo toàn. | I12: MKH: Ít công tâm, cậy thời ỷ thế khinh rẻ dân lành, có thể chung hoạn nạn mà không chung hưởng lạc, phúc trạch mong manh. | J12: MKH: Giảm thọ, cô đơn, mất che chở. | K12: MKH: Hễ có lợi danh là có tổn phá. Nữ mệnh: Thì trắc nết, kém thọ, hay bị tai tật. | L12: MKH: Biến thành a dua, bất chánh, hại. | M12: MKH: Khoe mình, sính mạnh, nên nhà phá thân nguy. | N12: MKH: Danh lợi khó thành, cốt nhục hình thương, tăng ni tốt. | O12: MKH: Là tăng ni ở ngoài thành, là khách buôn chưa toại ý. | P12: MKH: Cũng là kẻ sĩ có đạo đức, phong hậu, bình tĩnh, không bị tai họa. | Q12: MKH: Có nhiều tri kỷ, nhưng ít người giúp mình. Quy mô nhỏ hẹp nơi gia đình thôi. | R12: MKH: Vui quá hóa buồn. | S12: MKH: Càng hoạt động chỉ khốn cùng gian nan. Duy ẩn ở sơn lâm thì tốt. | T12: MKH: Thanh cao khác người, ăn ở đạm bạc, không theo phàm tục. | U12: MKH: Tuổi cao, đức lớn, dời quê lập nghiệp. | V12: MKH: Uất uất, không phát triển được tài năng, nên đi vào đường thanh tu. | W12: MKH: Cường bạo, nguy, tội vạ luôn. | X12: MKH: Người điềm tĩnh, chân thật, biết tùy thời. | Y12: MKH: Bạc đức, dù có kỷ luật giỏi cũng vô dụng. | Z12: MKH: Hôn mê mãi nên tật ách thương tàn, phá nhà hại nước. | AA12: MKH: Chí lớn mà mưu vụng nên tất tả ngược xuôi, cô độc, tai vạ đến. | AB12: MKH: Chí lớn, mưu cao thì vạ lại to. | AC12: MKH: Cũng là người hưởng phúc thọ, được ngưỡng vọng. | AD12: MKH: Chí lớn, mưu nhỏ, gặp họa khó còn. | AE12: MKH: Tổn thân, phá tổ, cốt nhục khó yên, tuổi thọ kém, hình khắc nhiều. | AF12: MKH: Hoặc làm binh sĩ, khách buôn, vất vả ngược xuôi, hoặc đau đầu, mất thanh danh. | AG12: MKH: Khua môi múa mép làm loạn đầu óc thiên hạ, khó tránh lỗi. | AH12: MKH: Thích làm to, lập công mà trái phép lộng hành chỉ thêm đổ bại. | AI12: MKH: Cũng được cơm áo đầy đủ, chẳng nhục, chẳng vinh. | AJ12: MKH: Chí tráng tài nhược, chẳng lượng nên chăng, hay gặp nguy hiểm. | AK12: MKH: Có tài không đức, ruột thịt không thân, hay đấu tranh, hoặc làm lính. | AL12: MKH: Ỷ thế làm bậy, bé cuồng ngông, lớn ba đào. | AM12: MKH: Cũng là người cương nhu đủ cả, đức rộng phúc dày. | AN12: MKH: Cô độc, ô trọc, dối trá, thị phi, tán tụ bất thường. | AO12: MKH: Sinh nhai dựa vào người quyền thế, có người giúp sức bên trong, bình sinh an lạc. | AP12: MKH: Cũng là đường cao nhà lớn, phúc lộc vẹn toàn, Quân tử đến gần, tiểu nhân sợ sệt. | AQ12: MKH: Không tham, không mưu toan gì cũng được ấm no. Gần người hiền, buôn bán thì có lợi, hoặc làm tăng đạo cũng tốt. | AR12: MKH: Hiểm trá, lợi mình tổn người, tai họa cùng đến, thân gia khó giữ được. | AS12: MKH: Người ghét mình, mình chẳng thân ai, động làm gì là có tiếc, chẳng bền lâu. | AT12: MKH: Chí khí cương đại, bất cận nhân tình, kết thù mua oán, luôn luôn vất vả. | AU12: MKH: Nhu nhược, ưu sầu, cô lập, chỉ làm được việc nhỏ. | AV12: MKH: Tham lợi, khó tránh tai ương nhục nhã. | AW12: MKH: Tâm nhược thân nguy mà không tự giải thoát được. Hoặc rời tổ đi xa lập nghiệp. | AX12: MKH: Cũng tích đức, tuy không đỉnh chung, mà có chí Đào Chu làm giàu. | AY12: MKH: Cậy thông minh, phạm phép, làm xằng, tham lam đến tai họa. | AZ12: MKH: Thanh danh, ở ẩn nơi núi rừng, kim ngọc đầy nhà, phúc trạch lớn lao. | BA12: MKH: Không cẩn trọng, hay cậy mạnh gây tai họa, thê thiếp bất hòa, dáng mạo đâm ủy mị. | BB12: MKH: Cũng thành thực, không phù hoa, ruộng vườn rộng lớn, tuổi thọ cao. | BC12: MKH: Làm tăng đạo, khoác áo lông chim không màng danh lợi, không làm phe cánh, khó hưởng giàu sang. | BD12: MKH: Có khổ mệt óc, nghĩ nhiều chỉ quẩn. | BE12: MKH: Hữu tài vô đức, tự tôn tự đại, tuyệt người thân, bỏ bạn hữu, câu chấp không định, phàm việc hư hết, chỉ có làm tăng đạo ở núi rừng là đỡ tai nạn. | BF12: MKH: Cứ lang thang bôn tẩu, nhà bỏ thân tàn. | BG12: MKH: Thô lậu, vất vả, tai ách đến. | BH12: MKH: Gian tà làm cổ hoặc lòng người, ai cũng ghét, việc chẳng ra sao. | BI12: MKH: Biết thời nên lùi, ngoại du phương xa, tránh hiểm ra ngoài, đổi nguy ra an. | BJ12: MKH: Quê, lận, sẻn, có tổ nghiệp mà không biết biến thông, ít hợp nhân tình, khó tránh hối hận. | BK12: MKH: Hàn vi mà lên nhanh quá, câu chấp không thông nên bị tai hại, duy chỉ ở nơi hang động, thanh hư như nơi tiên cảnh thì tốt lành. | BL12: MKH: Cậy mạnh làm liều, tham cao, mưu xa, tai họa đều đến, thân gia khó giữ. | BM12: MKH: Chí cao, ý mãn, cậy tài, làm liều, trời chán, người oán, vong thân chưa biết ngày nào. | BN12: MKH: Túng dục không tiết độ, trái nghĩa, đổ dễ mà thành khó.
B13: QC: | C13: QC: Nên lùi bước, kẻo khi bị cắt chức. | D13: QC: Bị hành xích, biếm phạt. | E13: QC: Đương vinh liền thấy nhục. Phòng bị dèm pha. | F13: QC: Giữ việc ngăn giặc (chức Tư Khấu ngày xưa). | G13: QC: Được gọi về Trung Ương, nên cẩn thận dễ bị dèm pha. | H13: QC: (Nếu chức lớn) thì tiến lùi, thành bại bất thường. | I13: QC: Đương quyền lập công. | J13: QC: Không được lòng dân, nguy. | K13: QC: Dễ ngã về đường bất chính, tối tăm. | L13: QC: Hiển đạt rồi thì lui về cho toàn danh hưởng phúc. | M13: QC: Bị đòi về, hoặc mất chức. | N13: QC: Mất chức thì được phục hồi. Chờ việc thì được bổ. | O13: QC: Thường đi quận xa. | P13: QC: Ngồi vững vàng. | Q13: QC: Được giao quyền quân sự coi bên trong. | R13: QC: Bị triệt vì tham nhũng. | S13: QC: Hay bị dèm pha. Phàm gặp hào này, thì hay lo lắng tội vạ, chí không đạt, tuổi thọ không lâu. | T13: QC: Cáo hưu. | U13: QC: Vào nội các, nội vụ. | V13: QC: Lui về tu tĩnh, có sở đắc. | W13: QC: Bị dèm pha, truất giáng. | X13: QC: Thăng chuyển. | Y13: QC: Có quyền binh. | Z13: QC: Tham quyền cố vị, bị chê. | AA13: QC: Không đi đúng đường lối chính trị nên bị truất giáng, hay phải trốn tránh trách nhiệm. | AB13: QC: Thăng tiến. | AC13: QC: Quyền cao chức trọng. | AD13: QC: Thân nguy. (Rất xấu cho người đã có chức phận) | AE13: QC: Lo chăng chối hoặc an trí. | AF13: QC: Xuất hay xử cũng nên công. | AG13: QC: Phòng dèm pha trách cứ. | AH13: QC: Hiếu động, cầu danh lợi nhỏ thì được, lớn thì uổng công. | AI13: QC: Thoái nhàn. | AJ13: QC: Bị truất giáng. | AK13: QC: Ăn lộc ấp làng. | AL13: QC: Bị sài sể. | AM13: QC: Vị cao quyền trọng. | AN13: QC: Bị dèm pha oán trách. | AO13: QC: Được vào nội các, nội hàn. | AP13: QC: Được thăng quyền, binh súy lập công. | AQ13: QC: Được dân mến. | AR13: QC: Vì tham nhũng bị phạt, đổi. | AS13: QC: Nên dũng thoái là tốt. | AT13: QC: Ngồi cao, đứng đầu, phòng bị chê trách. | AU13: QC: Tiến lên chẳng ổn, việc nhiều rắc rối. Lớn bé ưu sầu, danh lợi thành hư. Tuổi thọ cũng kém. | AV13: QC: Nên cáo hưu. | AW13: QC: Phòng hình phạt, bị chăng trói. | AX13: QC: Công lớn, thăng cao. | AY13: QC: Nên thoái nhàn, hoặc tham gia văn hóa có tiếng. | AZ13: QC: Vị cao lắm rồi, thoái nhàn là hay. | BA13: QC: Phòng ruồng bỏ, phòng đình giáng. | BB13: QC: Đổi chức vụ. | BC13: QC: Được nghi thức đại bái. | BD13: QC: Chỉ hư vị. | BE13: QC: Vị cao nhưng bị tai ách. | BF13: QC: Khó giữ được địa vị. | BG13: QC: Thôi việc, tổn hại đến cùng. | BH13: QC: Vai trò hướng dẫn ở cấp cao. | BI13: QC: Ở Trung Ương được tuyển đi ra ngoài, làm vũ tướng thì ra trị nạn. | BJ13: QC: Cố chấp quá nên hối. | BK13: QC: Yết kiếu Nguyên thủ. | BL13: QC: Quá cương nên gãy. | BM13: QC: Cao quá dễ gãy. | BN13: QC: Thăng chuyển, giữ chức trông coi tế lễ (hoặc giám sát ngày nay).
B14: GS: | C14: GS: Được đề bạt lên cao rồi bị bẻ gẫy sau. | D14: GS: Tuy ngòi bút vẫy vùng nhưng rút cục khó tránh tổn hại buồn phiền. | E14: GS: Đương vinh liền thấy nhục. Phòng bị hạ nhục. | F14: GS: Lập công bắt được giặc cướp. | G14: GS: Được vào đại học, cũng dễ bị hiềm nghi. | H14: GS: Đạt chí. | I14: GS: Thành danh kỹ thuật. | J14: GS: Chẳng ai giúp đỡ, khó thành danh. | K14: GS: Bị bài xích. | L14: GS: Đỗ cao, tiến lên. | M14: GS: Bị xấu thẹn. | N14: GS: Bị đình trệ thì phục hoạt, khốn lâu ngày được cởi mở. | O14: GS: Khó gặp cơ hội tốt. | P14: GS: Tiến, thành danh. | Q14: GS: Thi bằng nhỏ, danh cao dần dần. | R14: GS: Hôn mê, sai ngoa. | S14: GS: Bị bôi nhọ. Phàm gặp hào này, thì hay lo lắng tội vạ, chí không đạt, tuổi thọ không lâu. | T14: GS: Đợi thời. | U14: GS: Vào nội xá đại học. | V14: GS: Tiến thủ gian nan, chưa toại ý. | W14: GS: Bị xấu hổ. | X14: GS: Tiến thủ. | Y14: GS: Được tiến cử. | Z14: GS: Bị nhục. | AA14: GS: Không đạt lý. | AB14: GS: Thăng tiến. | AC14: GS: Đỗ cao. | AD14: GS: Đỗ khôi khoa. (Đi thi thì lại rất tốt) | AE14: GS: Đấu tranh gây cấn. | AF14: GS: Tiến thủ, đứng đầu danh sách. | AG14: GS: Thứ làm du thuyết, kỹ nghệ, hình luận hay có hủy báng. | AH14: GS: Hiếu động, cầu danh lợi nhỏ thì được, lớn thì uổng công. | AI14: GS: Đợi thời. | AJ14: GS: Khó tiến. | AK14: GS: Tiến thủ, nhưng đường chưa rõ. | AL14: GS: Nổi chìm. | AM14: GS: Tiến thủ thành danh. | AN14: GS: Trước u mê, sau làm được. | AO14: GS: Tiến thủ thành danh. | AP14: GS: Đỗ đạt. | AQ14: GS: Toại chí. | AR14: GS: Cạnh tranh quá, bị nhục. | AS14: GS: Khó tiến thủ, tàng tu là hơn. | AT14: GS: Tiến thủ, lên cao. | AU14: GS: Tiến lên chẳng ổn, việc nhiều rắc rối. Lớn bé ưu sầu, danh lợi thành hư. Tuổi thọ cũng kém. | AV14: GS: Nên tu tỉnh. | AW14: GS: Bị đình giáng, nhục nhằn. | AX14: GS: Thành danh, của dùng sung túc, toại ý. | AY14: GS: Tiến lên. | AZ14: GS: Tiến chức, đỗ đạt. | BA14: GS: Phòng ruồng bỏ, phòng đình giáng. | BB14: GS: Thành danh. | BC14: GS: Bỗng lừng danh. | BD14: GS: Hư danh. | BE14: GS: Có triệu chứng bay bổng. | BF14: GS: Có triệu chứng bay cao. | BG14: GS: Thôi việc, tổn hại đến cùng. | BH14: GS: Cũng tiến dẫn, lãnh đạo, nhưng chưa rõ rệt. | BI14: GS: Dời nơi ở ẩn. | BJ14: GS: Quá nghi ngại, nên than van. | BK14: GS: Danh lên cao. | BL14: GS: Có triệu chứng bay bổng. | BM14: GS: Chìm đắm khó tiến. | BN14: GS: Tiến thủ, được lựa chọn đứng đầu.
B15: NT: | C15: NT: Cương quá nên hỏng việc. Ngoài 50 tuổi gặp hào này chẳng thọ bao lâu nữa. | D15: NT: Phải tranh đấu rắc rối, có khi đi đến phá hại nguy vong. | E15: NT: Đương vinh liền thấy nhục. Phòng tổn thiệt. Xấu nữa thì tổn thọ, có tang cha mẹ. | F15: NT: Phòng kiện tụng tranh dành, bị trộm cắp hay nô bộc làm hại. | G15: NT: Ở ẩn mà cũng còn lo tai ách bất kỳ. Đại để thận trọng thì tai tiêu, oan tỏ. Số xấu: Nhẹ, bị sửng sốt, nặng giảm thọ. | H15: NT: Bị thưa kiện. Đương có tang mà xảy thưa kiện thì thua thiệt. | I15: NT: Nuôi được nhà, kế được tông đường, sinh thêm con cháu. Đại để: Phòng kẻ dèm pha mưu chiếm vị, vượt quyền. | J15: NT: Hình khắc, tai ương, kém nữa bị giảm thọ. | K15: NT: Bị mắc gian kế, thị phi, nhũng nhiễu, lui bước ở yên thì tránh tai hại. | L15: NT: Tiền của tăng tiến. Có thể có tang phục. | M15: NT: Phá tổn, ốm đau khó thoát. Cẩn hậu đỡ tai vạ. | N15: NT: Kiện tụng lâu được giải. Số xấu có biến cố, kém thọ. | O15: NT: An thường thủ phận, sinh nhai đạm bạc. | P15: NT: Kính trên, được che chở, nhà nông thịnh vượng. | Q15: NT: Có kiện tụng, nhưng tự nhiên minh giải được. | R15: NT: Kiêu ngạo, tranh tụng, nên sửa đổi mới khỏi lỗi. | S15: NT: Phòng tổn hại, hoặc bị giam hãm. Phàm gặp hào này, thì hay lo lắng tội vạ, chí không đạt, tuổi thọ không lâu. | T15: NT: An phận. | U15: NT: Kinh doanh hoạch lợi. | V15: NT: Kinh doanh trở trệ. Có bệnh thì khỏi, sinh nở nuôi được. | W15: NT: Kiện tụng. Số xấu: Tai mắt kém, khí huyết hư hoặc tổn vong. | X15: NT: Kinh doanh thật thà. Có tang phục bên ngoại. | Y15: NT: Cẩn thận, giữ luật pháp, được an toàn hoặc tu tạo cung thất. | Z15: NT: Cứ mê nên khổ, tĩnh, lặng lẽ thì an lành, xáo động thì nguy. | AA15: NT: Không hiểu việc, không biết gió chiều nào che chiều ấy. Số xấu có thể nguy tới thân. | AB15: NT: Hoạch lợi. | AC15: NT: Kinh doanh hoạch lợi. | AD15: NT: Bị tai nạn đến đầu, đến trán. | AE15: NT: Phòng tù ngục. | AF15: NT: Kinh doanh đắc lợi. | AG15: NT: Thứ làm du thuyết, kỹ nghệ, hình luận hay có hủy báng. | AH15: NT: Hiếu động, cầu danh lợi nhỏ thì được, lớn thì uổng công. Nữ mệnh: Không lợi cho chồng con. | AI15: NT: Kinh doanh đắc lợi, gia nghiệp tăng trưởng. | AJ15: NT: Vượt phận, trái nghĩa, thị phi tranh tụng, tiến thoái không thi thố được gì. | AK15: NT: Tu tạo nhà cửa. Số xấu có hình phạt, tranh tụng. | AL15: NT: Trước dễ sau khó. Già quẫn kém thọ. | AM15: NT: Kinh doanh đắc ý. Nữ mệnh là người đức phụ. | AN15: NT: Gặp ô nhục, bị vu oan, trước tổn sau ích. | AO15: NT: Cận quý hoạch lợi. | AP15: NT: Thâu lợi. | AQ15: NT: Được đại lợi, nhiều quý nhân giúp, ra vào đều có lợi. | AR15: NT: Chuyên vụ lợi bị oán trách, hình khắc tổn thương thê thảm. | AS15: NT: Nên an thường thì đẹp. Số xấu thì cốt nhục hình thương, thị phi nhũng nhiễu. Người già lo tuổi thọ. | AT15: NT: Không kẻ giúp, kinh doanh khó. | AU15: NT: Tiến lên chẳng ổn, việc nhiều rắc rối. Lớn bé ưu sầu, danh lợi thành hư. Tuổi thọ cũng kém. | AV15: NT: Tham quá mắc họa. Số xấu có điều phi pháp ám muội. | AW15: NT: Phòng lo sợ, tang phục. Chỉ người buôn bán tiến hành có lợi. | AX15: NT: Thành danh, của dùng sung túc, toại ý. | AY15: NT: Trọng pháp luật, nên lo về việc miễn cưỡng cải cách, đeo tiếng thị phi. | AZ15: NT: An ổn, thâu lợi. Số xấu đức nhỏ, không xứng với hào này, có thể vong thân. | BA15: NT: Biết đề phòng, lo trước thì tránh được tai họa, biết tu tỉnh thì tốt lành. Vợ chồng có hình khắc. Thân nhân hàng xóm có xảy tai nạn. | BB15: NT: Nhà nông, buôn bán đều được lợi, nhưng chí hướng chưa được thỏa mãn. | BC15: NT: Được đề cử, có mưu kế lỗi lạc, không tai họa, có phúc trạch dài lâu. | BD15: NT: Kinh doanh uổng sức. Người già có tang, tế. | BE15: NT: Cốt nhục tương tàn, ly tổ thành gia, khó tránh kiện tụng, hình ngục, khẩu thiệt, hoặc lầm lỗi ở nơi môn hộ. | BF15: NT: Đương tốt thì bị hao tổn, hoặc nên dời chỗ ở và tu tạo thì tránh được tai họa, hoặc bị đau mắt, tai ách lửa điện, đại khái cái vinh là mầm của cái họa. | BG15: NT: Có lo tổn, nhưng số tốt thì trong xấu có người cứu giúp, nơi đất chết lại tìm ra sống, công thành vui vẻ. | BH15: NT: Tuy hòa đồng với mọi người, nhưng không hiển đạt được. Số xấu thì có tật ách ở mắt, hoặc bị ô uế. | BI15: NT: Dời chổ hiểm đến nơi an. Kiện tụng hết, tật ách khỏi, ở tối ra sáng. Số xấu thì có tai ương, khóc ra máu. | BJ15: NT: Đi quá lố, cầu danh lợi chẳng ăn thua gì. Người già giảm thọ. | BK15: NT: Tranh cao, cậy mạnh nên khốn bách. Buôn bán tổn thiệt. Số xấu giảm thọ. | BL15: NT: Đi quá phận mình nên oán hối, có thể xảy việc tang phục. | BM15: NT: Phòng nhiễm bẩn, không hay, đi thuyền sợ đắm. | BN15: NT: Thoát được hiểm. Người già có tiệc mừng yến lão. Số xấu thì chết đuối.
B16: Thơ: | C16: Lên cao chi quá càng lo ! | D16: Có danh không có thực, | E16: Truân chiên đến thế thì thôi, | F16: Ra quân ngoài vạn dặm, | G16: Hội kỳ, ba khách đến | H16: Được khen đừng lấy làm vui, | I16: Kẻ sĩ gặp thời vận, | J16: Thân hèn lên vị Tỷ Cao, | K16: Mưa rồi, trên dưới cảm thông | L16: Lo sao mọi việc chu toàn, | M16: Thái đi Bĩ đến chẳng xa, | N16: Bĩ qua liền Thái đến, | O16: Nhân tình cách trở nhiêu khê, | P16: Thiên thời địa lợi hanh thông, | Q16: Làm gì ai cũng biết thừa, | R16: Động nhiều tĩnh lại thì yên, | S16: Bấy lâu cố kết nhân tâm, | T16: Việc đời bẩn gót bôn ba, | U16: Một lòng trung hậu đến nơi, | V16: Tới lui chậm chạp bất thường, | W16: Lo âu bên gối quẩn quanh, | X16: Trăng tròn nhan sắc y nhiên, | Y16: Quân tử giữ đạo đến cùng, | Z16: Mê rồi trở lại được sao, | AA16: Vọng động chi cho mệt, | AB16: Vui mừng, cảnh vật phong quang | AC16: Giữ gìn tiết khí chửa thành công, | AD16: Buồn sông lo núi cả hai, | AE16: Lo buồn đổi tiết sang Thu, | AF16: Chinh phạt bắt được tụi gian, | AG16: Lưỡi suông cảm không lỗi, | AH16: Máy động nhiều không ổn, | AI16: Phiêu phiêu ngoại vật là tiên, | AJ16: Lo sợ qua, một ngựa bay | AK16: Hợp chưa hợp, thành chưa thành | AL16: Việc đời đen tối tranh nhau, | AM16: Danh cao quyền trọng tột vời, | AN16: Sợ lo, tiếng sấm nổ vang | AO16: Tiến đi thời vẫn truân chuyên, | AP16: Dấu mình khí giới từ lâu, | AQ16: Tổn mình, ơn giúp được người | AR16: Cầu ích không ngừng, người oán ghét | AS16: Gái nào khóc ở bên sông, | AT16: Chí mưu chẳng gặp buồn tênh, | AU16: Việc gì cũng khó ban đầu, | AV16: Mặt trời sáng, không bóng mây | AW16: Đường đi dù tiến chưa yên, | AX16: Gió đông mạnh, đỉnh núi xanh | AY16: Mỗi phen thành, mỗi đổi thay | AZ16: Công danh chỉ ngón là thành, | BA16: Mưa khói kín mịt mùng, | BB16: Vốn người đôn hậu im hơi, | BC16: Chim hồng bay bổng đường mây, | BD16: Cúng lễ dù giỏ trống không, | BE16: Ca buồn, hoa rụng, cành trơ | BF16: Nhà cao, trâu thấp, đều lo | BG16: Trong vườn ngàn đóa hoa tươi, | BH16: Thu nguyệt với xuân hoa, | BI16: Đương yên sao bỗng lo âu, | BJ16: Việc đời cùng biến, tắc thông | BK16: Nên tiến, đừng nên bướng | BL16: Đã quá lắm, cánh chim nguy | BM16: Thuyền nhỏ phòng chìm đắm, | BN16: Lòng trung, mệnh nghĩa, giữ yên
C17: Biết cơ tiến thoái trời cho an nhàn. | D17: Mưu toan nhiều thắc mắc. | E17: Ngọn đèn ra gió, đường đời hỏi chi ? | F17: Chiến thắng lập công đầu. | G17: Trọng đãi, chớ coi khinh. | H17: Thời này im tiếng được ngồi ung dung. | I17: Nghiệp nhà lại hưng long, | J17: Chẳng ai yểm trợ đâu nào an vui. | K17: Nhưng còn nghi hoặc thành công với đời. | L17: Ấy là hạnh phúc nhà lan chứa đầy. | M17: Làm chi ai thuận ? chính mà hóa hung. | N17: Kiển xong vận lại thông. | O17: Phương Nam tìm tới bạn bè hay hơn. | P17: Hoa đèn tươi sáng, tốt không nghi ngờ. | Q17: Nghĩa công chưa đạt, lòng ta vẫn bền. | R17: Chạy nhiều, ngồi đó buồn liền hóa vui. | S17: Lòng thành dâng lễ quỷ thần cảm thông. | T17: Công hầu cũng mặc, về mà tiêu dao. | U17: Gió xuân đào lý, thuyền bơi thuận dòng. | V17: Cạnh tranh thôi cũng chán chường thì thôi. | W17: Cửa nhà huyên náo tâm tình ngẩn ngơ. | X17: Gió mây gặp gỡ thiên niên thái hòa. | Y17: Tiểu nhân ám muội đau lòng bác lư. | Z17: Tai ương tự đến, ai nào cứu cho. | AA17: Thủ thường thân mới an. | AB17: Trước sau ngày tháng miên trường êm trôi. | AC17: Tri ngộ một phen, hóa bậc hùng. | AD17: Muốn yên, thôi chớ rông rài lang thang. | AE17: Một mình Nam Bắc dời khu mới lành. | AF17: Phượng đem tin tốt, hân hoan trong ngoài. | AG17: Ở yên, lánh vẫn hơn. | AH17: Đổi thay được, không hung. | AI17: Việc gì là chẳng tự nhiên tốt lành. | AJ17: Bên cây mừng đến, chóng chày đừng nghi. | AK17: Mây mù trắng ám đầu cành lá rơi. | AL17: Giai nhân khóc lóc ôm sầu mé sông. | AM17: Tuyết khua vó ngựa, non phơi bách tùng. | AN17: Qua cơn mưa gió mây vàng trăng soi. | AO17: Thuận theo Nguyên thủ đường liền công danh. | AP17: Thấy chim liền bắn trên đầu tường cao. | AQ17: Người vui là phúc, lợi trời an nhiên. | AR17: Lập tâm chẳng vững, biến ngoài sinh. | AS17: Đi đêm hẳn tới đường cùng xấu đây. | AT17: Có đi mà hẹn chênh vênh lỡ làng. | AU17: Phong ba hiểm trở lo âu mới thành. | AV17: Lòng lo ngay ngáy, lâu ngày hết nguy. | AW17: Cùng thời sẽ biến, động nên tốt lành. | AX17: Khói tan, giếng lặng, ngon lành nước trong. | AY17: Nhạn đàn phân tán, hồng bay cả cười. | AZ17: Cánh bằng chín vạn mây xanh tuyệt vời. | BA17: Bên sông lối chửa thông. | BB17: Bỗng nhiên vận đến, lộc ngôi đường hoàng. | BC17: Bàn đào kết quả, định ngày nghi quy. | BD17: Tấm lòng thành kính, Tổ Tông cảm rồi. | BE17: Trời tà nhuộm cảnh, trăng mờ cửa son. | BF17: Chim rừng cháy tổ, cười hò thảm thương. | BG17: Đang đêm nổi gió, ôi thôi hãi hùng. | BH17: Cảnh vật đẹp nên thơ. | BI17: Hoa đào kết quả sợ thu đã về. | BJ17: Đừng nên cố chấp chỉ hung ích gì. | BK17: Việc xưa đã đổi thay. | BL17: Nên khiêm ức lại, duy trì thân gia. | BM17: Cây thu sợ héo tàn. | BN17: Ấy là bảo vệ tự nhiên Thái hòa.
D18: Việc làm chưa gì nên, | G18: Khắp chốn vung ơn trạch, | I18: Tiểu nhân gặp hào ấy, | M18: Hành quân ngoài cõi phí công, | N18: Mộc biên người ấy gặp (?!) | AA18: Quế trăng soi bóng nước, | AC18: Biển lặng thuyền to, câu thả xuống, | AG18: Kinh doanh tuy đứt mối, | AH18: Trăng vơi soi Tây Bắc, | AJ18: (Ưu hoan tiêu, nhất mã phi, | AP18: Thất niên ngũ số vận vào, | BA18: Đường đi người chưa tới, | BH18: Chỉ bởi thời chưa đến, | BK18: Sông dài ngàn dặm lái, | BM18: Chợ người đi đã khắp, | BN18: Rượu ai quá độ bê tha,
D19: Tụng, bệnh, lắm hình khắc. | G19: Vẹn toàn nếp lợi danh. | I19: Coi chừng cát hóa hung. | M19: Nuôi dân trong đất còn phòng hủy thương. | N19: Trăm việc tốt vô cùng. | AA19: Hoa nở buổi đông hàn. | AC19: Kình ngao lên cả, thỏa tâm đồng. | AG19: Trăng khuyết trăng lại tròn. | AH19: Hồng lẻ đụng cánh lông. | AJ19: Mộc biên hữu khánh bất tu nghi.) | AP19: Kinh doanh được lợi, danh nào kém ai. | BA19: Phải cậy nhờ gió đông. | BH19: Lòng rối như vò tơ. | BK19: Sẵn cá buông câu hay. | BM19: Chiến địa cõi lầm than. | BN19: Mất thời, mê mẩn biết là ra sao.
A20: 5 | B20: Lược nghĩa: | C20: Rồng bay trên trời, lợi đi gặp đại nhân. | D20: Xiêm vàng tốt nhất. (Xiêm là thứ quần nhà sang ngày xưa, dấu hiệu cao quý, Vàng là màu thổ cư trung, ý nói ngồi vị tôn, mà vừa khiêm nhường như cái xiêm ở bên dưới, vừa trung thuận như màu vàng của đất ở giữa). | E20: Thời truân chiên, kẹt cả đến sự ban ơn huệ (dù ngồi ở Hào tôn vị cũng không làm nổi). Chỉnh đốn việc nhỏ thì tốt, chỉnh đốn việc lớn thì xấu. | F20: Ngu tối nhưng được còn ngây thơ (dễ dạy) nên tốt. | G20: Đợi nơi cơm rượu (cứ an vui thư thái) giữ chính thì tốt. | H20: Việc kiện, đây lành nhất. (hào 5 trung chính, án xử công minh). | I20: Ruộng có chim muông nên mới nói chuyện săn bắt, không lỗi gì. Con lớn cầm quân, nếu để con em thì xe chở đầy xác, dù chính cũng xấu (chim muông là giặc. Con lớn là hào 2 đáng vị, con em là hào 4, hào 3). | J20: Gần gũi công nhiên. Phép nhà vua (khi đi săn) chỉ vây ba mặt (để hở một mặt) cho loài chim ở mặt trước bay mất (con nào đi thì thôi, con nào vào thì bắt, để tự do). Người trong ấp chẳng bị nghiêm giới gì (cũng tự do). Thế là tốt. | K20: Có thể tin tưởng, kéo dắt (người khác) lên như (ư !) giàu có (được lòng) cả hàng xóm. (hào 5 cảm hóa được tất cả). | L20: Quyết làm, đi. Chính cũng phòng nguy. (hào 5 dễ thành độc tài). | M20: Vua Đế Ất gả em gái, lấy được phúc, tốt nhất. | N20: Thôi hết bĩ, đại nhân tốt. Nhưng lo mất lo mất (phải giữ vững như) ràng buộc vào ngùm rễ dâu. | O20: Cùng người, trước phải hô hào, sau mới vui cười (gọi hào 2 giữ vững lập trường, đừng để hào 3, 4 khuynh loát). Dùng quân đánh to (hào 3 và 4) rồi mới được gặp nhau (gặp hào 2). | P20: Lấy lòng tin mà giao thiệp như (ư !), có oai như (ư !). Tốt. | Q20: Chẳng giàu mà lấy được lòng hàng xóm (hào 5 đứng đầu 5 hào âm); dùng việc xâm phạt, không gì là chẳng ích lợi (vì âm nhiều nên phải dùng uy vũ). | R20: Giữ chính mà cũng đau (bị hào 4 dương bức cận) nhưng cứ thế chẳng chết được. | S20: Tin ở điều lành, tốt. | T20: Cáng đáng việc đổ nát của cha, được danh dự. | U20: Do trí tuệ mà tới, đúng nghi thức bậc đại quân, tốt. | V20: Hãy xem xét cách sống của ta, người Quân tử không lỗi. | W20: Cắn miếng thịt khô, được hoàng kim, giữ chính, biết lo nguy, nên không lỗi gì. | X20: Trang sức ở gò, ở vườn. Bó lụa mỏng mỏng, hối thẹn nhưng sau tốt (hào 5 keo sẻn). | Y20: Xâu cả đàn cá (5 hào âm) để làm cung nhân được yêu thương, không có gì là chẳng lợi. | Z20: Đầy đặn trở lại, không ăn năn gì. | AA20: Tự nhiên bị bệnh, chớ thuốc thang gì (tự nhiên khỏi), có mừng. | AB20: Ngăn được răng (dữ tợn) của con heo thiến (mất thế dữ tợn) tốt. | AC20: Trái lẽ thường, ở chính thì tốt, chẳng thể vượt sông lớn (gian nan). | AD20: Cây dương khô nở hoa, đàn bà già (hào 6 âm) được chồng trai tráng, không lỗi gì, cũng không ai khen. | AE20: Hiểm chẳng đầy, khi đã bằng rồi, thì không lỗi gì. | AF20: Chảy nước mắt như đầm đìa, như lo buồn than van, thế là tốt. | AG20: Cảm đám thịt ở lưng (trái với tim nên vô tư) không hối hận gì. | AH20: Giữ đức theo đạo hằng, thế là chính bền, nhưng đàn bà thì tốt, đàn ông thì xấu. | AI20: Ẩn tránh hay, chính và tốt. | AJ20: Làm tan tính cương của dê (4 hào dương là đàn dê) bằng cái dễ dãi của mình (hào 5 âm nhu) nên không có gì ăn năn cả. | AK20: Ăn năn gì cũng hết, mất, được, chớ nên lo, tiến đi thì tốt, không gì là không lợi. | AL20: Sự tổn thương của Cơ Tử (ở cạnh hào 6 như Trụ Vương) cứ giữ chính thì có lợi. | AM20: Ông vua (nguyên thủ) thấu lẽ “cũng có gia thất” thì đừng lo gì, tốt đấy (có hào 2 ứng). | AN20: Khỏi ăn năn nữa, cùng tôn phái nên cắn vào da (để thân nhau), tiến đi, còn lỗi gì đâu ? | AO20: Gian nan lớn, có bạn lại (giúp sức, tức hào 2). | AP20: Người Quân tử chỉ có cách giải tán chúng (3 hào âm tiểu nhân) thì mới tốt; có điều chứng minh ở chỗ nhìn vào bọn tiểu nhân (xem chúng chịu lui hay không). | AQ20: Thình lình (hào 2) đem lợi ích đến cho mình, to lớn như 10 bằng con quy (một số đếm đời xưa), không từ chối được, vì tốt nhất. | AR20: Có tin tưởng ở lòng mình thích làm ơn huệ (hào 5) chớ hỏi gì, tốt nhất rồi, có tin tưởng ở đức ấy làm ơn huệ cho ta (hào 2). | AS20: Rau nghiện lục đấy (rau mã xỉ hay rau sam, tức hào 6 âm tiểu nhân), nếu quyết quyết, cứ đạo trung mà đi (đừng cảm tình với hào 6) thì không lỗi gì. | AT20: Lấy cây Kỷ che chùm cho cây dưa (hào 5 che cho hào 1) hàm chứa vẻ tốt đẹp, như có ở trên trời sa xuống. | AU20: Tụ họp có ngôi (cao) nên không lỗi, nếu còn ai chẳng tin thì tu thê đức: Nguyên (kẻ cả) vĩnh (lâu dài) trinh (chính bền) hẳn khỏi ăn năn nữa. | AV20: Giữ được chính thời tốt mà như bước lên thềm (thì dễ dàng lắm). | AW20: Bị hớt mũi (bị hào 6 làm tổn) khoét chân (bị hào 4 làm tổn) khốn khổ nơi dây đỏ buộc ấn (giúp cho 2 hào) thôi cứ thủng thẳng rồi cũng được vui lòng (sẽ gặp hào 2) hiện giờ hãy cứ dùng việc tế lễ là có lợi (cảm đến thần linh). | AX20: Giếng trong sạch, suối mát lạnh, ăn (ngon). | AY20: Nhờ đại nhân (nhà cách mệnh chân chính lãnh đạo), mà cọp thay lông đổi vẻ (dân đổi mới), chưa xem gì (điềm trời hay bói toán) cũng đã sẵn có lòng tin tưởng. | AZ20: Tai vạc màu vàng (hào 5 cư trung) cái đòn khiêng bằng kim khí, giữ chính bền thì ích lợi. | BA20: Sấm đi sấm lại cũng nguy, nhưng lo tính sao cho không mất (đức trung) thì cũng có việc làm nổi. | BB20: Biết ngừng ở mép mình, nói năng có thứ tự, khỏi ăn năn gì. | BC20: Chim hồng tiến dần tới nơi gò cao, vợ ba năm chẳng có thai (hào 2 không được kết quả với hào 5, vì bị hào 3 hào 4 ngăn cản); nhưng sau không ai hơn nổi, nên tốt. | BD20: Vua Đế Ất cho em gái vu quy, cái tay áo của cô công chúa chẳng đẹp bằng cái tay áo của người gái theo hầu (vì công chúa là hào 5 chỉ trọng đức không trọng phục sức bề ngoài), trăng xấp xỉ rằm, tốt nhất. | BE20: Mời người có tài tốt đến thì thảy có hạnh phúc, được tiếng khen, tốt. | BF20: Bắn con chim trĩ (con vật lông đẹp văn minh) tuy có hao mất một mũi tên, nhưng cuối cùng được ban khen. | BG20: Giữ chính tốt, không ăn năn gì, không có gì là chẳng ích lợi, không có lúc sơ khởi, mà có về sau, đinh ninh trước kỳ thay đổi 3 ngày (là cẩn thận) đo lường kỹ lưỡng sau kỳ thay đổi 3 ngày (là kiểm thảo) thế thì tốt. | BH20: Tin vào sự tiêu tan (hào 6 âm mưu tiêu tan 5 dương) là có nguy đó. | BI20: Tiêu tan như mồ hôi, các hiệu lệnh lớn (để cho dân thư thái, tiêu tan kho chứa nơi vua ở (để cấp phát cho dân) không còn lỗi gì. | BJ20: Chừng mực một cách ngon ngọt, tiến đi còn có sùng thượng nữa. | BK20: Có lòng tín thành ràng buộc như (ư !) không lỗi gì. | BL20: Mây đặc chẳng mưa, từ đất phía Tây của ta (hào 5) ông bắt lấy nó (hào 2) ở tại hang. | BM20: Xóm bên Đông giết trâu tế (hào 5 lớn) chẳng bằng xóm bên Tây làm lễ thược sơ sài (hào 2 bé hơn, nhưng đương thịnh) nên hưởng được phúc thật. | BN20: Chính, tốt, không ăn năn gì, cái rực rỡ của người Quân tử, có tin tưởng thật là tốt.
B21: Ý HÀO: | C21: Ý HÀO: Người có đức vị lớn thì mới xứng đáng. Tư cách nhỏ mọn ngồi hào này chỉ thêm vất vả. | D21: Ý HÀO: Khen đức tính của người, vừa trung thực vừa thuận với thời thế, nên hưởng đại thiên đại cát. | E21: Ý HÀO: Dù có đức cũng khó xem xét hết bên dưới, sự nghiệp không mở rộng được. | F21: Ý HÀO: Nói cách dùng người tài phải chí thành thì công nghiệp trị nước mới có kết quả. | G21: Ý HÀO: Giữ đạo lâu năm, việc thành tựu. | H21: Ý HÀO: Đức hay, vị đáng, việc thưa kiện ích lợi. | I21: Ý HÀO: Nghĩa dùng quân và đạo làm tướng. | J21: Ý HÀO: Có đức thì để cả thiên hạ gần gũi với mình. | K21: Ý HÀO: Đức lớn cảm hóa lòng người, ngăn ngừa tàn bạo. | L21: Ý HÀO: Xem đường đi nước bước có tổn thương không. | M21: Ý HÀO: Lấy lòng thành xuống với người hiền (hào 5 xuống với hào 2) cải cách việc cai trị. | N21: Ý HÀO: Làm sáng tỏ con người của Hòa bình, để biết cái thuật giữ nghiệp lớn. | O21: Ý HÀO: Trước bực mình, sau mới gặp, cũng phải mượn đến sức mạnh mới xong. | P21: Ý HÀO: Ở ngôi trên, phải có oai để trị dân. | Q21: Ý HÀO: Đức khiêm ở ngôi tôn cũng cần phải biến hóa. | R21: Ý HÀO: Nếu vui thỏa ý thì bị đắm đuối. | S21: Ý HÀO: Còn lòng thành dùng người hiền, nên có kết quả. | T21: Ý HÀO: Dùng được người tài trị nước, có danh dự. | U21: Ý HÀO: Ở cho hết đạo của nguyên thủ, thong dong mà việc thành. | V21: Ý HÀO: Bậc nguyên thủ xét kỹ cách sinh hoạt để trị nước, thì không hổ thẹn với chức vụ. | W21: Ý HÀO: Trị dân phòng kẻ ngoan cố. | X21: Ý HÀO: Lấy đức tiết kiệm mà trị nước. | Y21: Ý HÀO: Đem đám đông ra quy thiện, được lợi lớn. | Z21: Ý HÀO: Trở lại đường thiện, với đạo là một. | AA21: Ý HÀO: Trên dưới hòa hợp, nếu ngoài ý muốn có xảy chuyện gì, êm ngay. | AB21: Ý HÀO: Chế được điều ác ngay từ gốc. | AC21: Ý HÀO: Làm nguyên thủ mà phải cậy nhờ người nuôi dân giúp mình. | AD21: Ý HÀO: Cương nhu không đủ tài để giúp đời. | AE21: Ý HÀO: Có cách cứu hiểm, thì thành công cứu hiểm. | AF21: Ý HÀO: Bậc nguyên thủ phải hết đạo lo việc nước thì mới được yên. | AG21: Ý HÀO: Không cảm với vật nào nên không hệ lụy gì. | AH21: Ý HÀO: Lấy đức nhu làm đạo hằng mà chẳng cho là thiện vậy. | AI21: Ý HÀO: Khen ẩn tránh, đẹp đẽ. | AJ21: Ý HÀO: Đức không đủ để tiến mà vẫn được việc. | AK21: Ý HÀO: Bậc vương giả vô tâm mà giáo hóa dân, nên thiên hạ trở nên thuận tình hết. | AL21: Ý HÀO: Ở giữa hoạn nạn mà vẫn giữ được chí ngay. | AM21: Ý HÀO: Lời nói có sự thực, việc làm có nếp quen. | AN21: Ý HÀO: Dễ dàng tri ngộ, cứ tiến đi. | AO21: Ý HÀO: Bậc lãnh đạo đương thế gian nan, mừng được giúp sức. | AP21: Ý HÀO: Người Quân tử bỏ bọn ác đi thì có lợi. | AQ21: Ý HÀO: Có đức, ngồi vị tôn, tất được người hiền giúp việc chính trị lớn. | AR21: Ý HÀO: Làm ích cho dưới mà chứng minh được lòng thành của mình có cơ được đáp ứng. | AS21: Ý HÀO: Răn bậc nguyên thủ phải quyết tâm đối phó với kẻ tiểu nhân. | AT21: Ý HÀO: Nói cái đạo lấy dương chế âm vậy. | AU21: Ý HÀO: Ở ngôi lãnh đạo, càng phải tu đức. | AV21: Ý HÀO: Nguyên thủ mà giữ chính để gần dân thì là thuận trị rồi. | AW21: Ý HÀO: Lấy đức cứu khốn, lấy lòng thành cảm thần. | AX21: Ý HÀO: Đức minh trọn vẹn, công thành. | AY21: Ý HÀO: Cuộc cách mệnh đúng hợp với dân tình. | AZ21: Ý HÀO: Chọn người hiền trị nước, giữ đức đến cùng. | BA21: Ý HÀO: Vô tà khó tránh nguy, cần có đức để biết sợ. | BB21: Ý HÀO: Dè dặt lời nói; nên đỡ lỗi. | BC21: Ý HÀO: Tiến đến hào nguyên thủ, lại gặp người hiền phụ tá, nên việc trị nước thành công. | BD21: Ý HÀO: Gái có đức, phong tục tốt đẹp. | BE21: Ý HÀO: Khuyên cấp trên cầu hiền, nên nhân đó được người hiền. | BF21: Ý HÀO: Mất ít mà được nhiều. | BG21: Ý HÀO: Có công nghĩa cả, lại biết hóa thiện nữa. | BH21: Ý HÀO: Nếu dùng nhầm kẻ gian tà là nguy hại đó. | BI21: Ý HÀO: Rút quân về, mở rộng đức ra. | BJ21: Ý HÀO: Chừng mực tốt lành, vui vẻ. | BK21: Ý HÀO: Nguyên thủ và người cộng tác tin nhau hết lòng. | BL21: Ý HÀO: Làm trái đạo “nhỏ” nên không thành công. | BM21: Ý HÀO: Cấp trên suy rồi không bằng cấp dưới gặp thời. | BN21: Ý HÀO: Bậc nguyên thủ được phụ tá thành đức nghiệp mỹ mãn.
B22: MHC: | C22: MHC: Lập đại công danh hưởng đại phú quý. | D22: MHC: Thì khoa bảng cao danh (vàng ngày xưa là nói bảng vàng, nhà vàng hay họ Tôn Thất, chữ Nguyên là Giải Nguyên, Binh Nguyên). | E22: MHC: Dù có lòng muốn ban ơn cứu giúp người cũng chỉ đạt được kết quả nhỏ thôi. | F22: MHC: Trẻ tuổi minh mẫn, đứng tuổi khiêm cung. Tuổi thanh xuân đỗ đạt thành tài, nhờ phúc ấm tổ tiên, được kén chọn ra coi dân, trị nước, việc làm trôi chảy. | G22: MHC: Đại quý nhân, công thành danh toại. | H22: MHC: Học rộng tài cao. Chữ Nguyên chữ Chính rất tốt (ngày xưa đỗ Tam Nguyên, làm chức Chính Khanh). | I22: MHC: Tiến thân phải đường, lập công có đức, nó động thì mình ứng, xét kỹ rồi mới phát lệnh, dẹp loạn cứu dân, uy danh nổi như cồn khắp hoàn vũ. | J22: MHC: Rất công rất chính, xử trên đối dưới đều hợp đạo lý. Cao thì ở Trung Ương, nhỏ nhất cũng ăn lộc quận, ấp. | K22: MHC: Quý mà không kiêu, phú mà biết giúp người, thân sơ cùng lòng, coi nhau như anh em, nên xa gần đều ngưỡng mộ. | L22: MHC: Đức mạnh, tiến gấp để trục tà không để ý gì đến thị phi lợi hại. | M22: MHC: Giàu sang mà không kiêu, hoặc được vợ hiền giúp sức, con quý đỡ nhà, tiếc rằng quyền hành không nắm giữ. Nữ mệnh: Cần kiệm thành gia. | N22: MHC: Có đức lớn, công bằng, cẩn thận, xét nét, không bỏ cơ hội, phú quý bền được. | O22: MHC: Đủ tài đức, danh lợi, nhưng trước khó sau dễ. Hoặc làm tư lệnh quân đội hoặc giữ chức trung cấp trong dinh, phủ. | P22: MHC: Ân uy đi đôi, xa gần đều ứng, lập công to, hưởng phú quý. | Q22: MHC: Vì khiêm nhường mà các nhân tài về với mình, công nào chẳng thành, nghiệp nào chẳng vững. | R22: MHC: Là quý nhân chánh đáng, nhưng chí khí mềm oặt để quyền binh về người khác, tuy hiển đạt nhưng có tật bệnh mới sống lâu được. | S22: MHC: Thân hiền, nên nhiều người theo, lập được công. | T22: MHC: Lập thành đại nghiệp, cha mẹ thơm lây. | U22: MHC: Hiếu hiền lễ sĩ, lại minh triết nên trên cảm trời, dưới được lòng dân. | V22: MHC: Đem lòng trung chính của mình để cải hóa thiên hạ. Tụng hiền, quý đức. | W22: MHC: Thông minh, có tài dẹp loạn. | X22: MHC: Cần gốc chất thực, tuy có vẻ quê mùa nhưng tiết kiệm làm cho nước được phú túc. Được thọ khánh. | Y22: MHC: Là đại quý nhân kiêm văn võ. | Z22: MHC: Quân tử trung hậu. | AA22: MHC: Tài đức, cứu nguy giúp nước ích nhà, làm tiêu chuẩn cho đời sau. | AB22: MHC: Tài đức lớn, lập công lớn, hưởng phú quý. | AC22: MHC: Hưởng phú quý sẵn có, hoặc nhờ tổ nghiệp. | AD22: MHC: Cương quá, gặp kẻ không ra người, đủ tài lập công, chỉ đủ cơm áo, chẳng vinh chẳng nhục. | AE22: MHC: Đổi nguy ra an, cứu vớt được dân, công nghiệp không nhỏ. | AF22: MHC: Mềm dẻo, khiêm tốn, biết lo xa thì kẻ cường bạo mới không chen được vào khe hở, mới bảo vệ được phúc trạch an toàn. | AG22: MHC: Tự lập tuy không có công nghiệp với đời, nhưng cũng không hệ lụy hối tiếc gì. | AH22: MHC: Có đức hoặc được vợ hiền giúp sức. | AI22: MHC: Đại nhân dẹp loạn, đem về đường chính. | AJ22: MHC: Lấy sự mềm dẻo để cảm phục cường bạo đổi khó thành dễ, cũng yên được việc. | AK22: MHC: Văn chương đạo đức hơn đời, cỡ cao, việc làm không mưu lợi không kể công, mà danh lợi trọn vẹn. | AL22: MHC: Có cơ mưu lớn mà vẫn giữ được thân mình. | AM22: MHC: Ngôn hành đều đúng tiêu chuẩn, sẵn người giúp đỡ, điều tốt tự đem đến. | AN22: MHC: Vị cao, đức lớn, được người giỏi phụ tá, lập công danh, hưởng phú quý. | AO22: MHC: Có lương bằng giúp, cùng đổi bĩ ra thái, đổi loạn thành trị. | AP22: MHC: Nắm quyền công lý, tiến hiền trừ gian thì quốc gia được an ninh, dân sinh được thoải mái, công nghiệp ấy to, mấy người sánh kịp. | AQ22: MHC: Được người hiệp lực, đạo trị nước thành, nhân tâm về với mình, phúc trạch thịnh lớn. | AR22: MHC: Tài đức phụ tá được việc nước, cảm phục được lòng dân, công danh lợi đạt phúc lộc phong doanh. | AS22: MHC: Sáng suốt không bị mưu gian của tiểu nhân, nghiêm túc về quốc pháp dân phòng, nên công lớn, phúc dày. | AT22: MHC: Khoan hồng đại lượng dung nạp được quần sinh, hưởng phú quý. | AU22: MHC: Ngôi cao lộc trọng chưa lấy làm vinh, sĩ theo dân mến chưa lấy làm thích, thường cẩn trọng kính úy thì phú quý mới bền. | AV22: MHC: Tuổi trẻ đỗ đạt, lập công danh, chí lớn, phúc dày. | AW22: MHC: Theo cổ, hành đạo, tiến thủ, tuy gian nan sau có cơ hội, ngôn lộ ngay thẳng, hoặc làm chức trông coi tế lễ. | AX22: MHC: Tài kinh tế, đức bao dung, công danh phú quý lên to. | AY22: MHC: Tài đức xuất quần, làm được cuộc cách mệnh lớn, lập quy mô cho trăm đời sau noi theo. | AZ22: MHC: Đức trọng vị tôn, hạ mình để mời người hiền ra cộng tác, hợp ý trời, lòng dân. | BA22: MHC: Tài không đủ mà đức có thừa, có thể giữ nghiệp cũ, và tạo nên thành tích giúp nước. | BB22: MHC: Có đức, có lập ngôn, lớn thì làm ngoại giao, nhỏ thì làm giáo sư. | BC22: MHC: Có tài đức nhưng tới muộn mới phát. | BD22: MHC: Theo nếp cổ, khoan lượng, ưa nhã nhặn, công danh đạt, phúc lộc thịnh. | BE22: MHC: Trước tối, sau sáng, tích đức xả kỷ nên hiển đạt, phúc lộc dồi dào. | BF22: MHC: Công danh phát đạt từ lúc thanh niên, tiếng tăm lừng khắp, phúc lộc dồi dào. | BG22: MHC: Biết đem cong về ngay, đem quá về vừa, thẩm xét kỹ càng, tuổi thanh niên khó phát đạt, đến muộn tuổi thành công. | BH22: MHC: Ở ngôi tôn, lỡ dùng nhầm kẻ gian hỏng việc. | BI22: MHC: Tài cao, vị trọng, đức phục các nước nhỏ, sự nghiệp hiển hách, phúc trạch lớn lao. | BJ22: MHC: Lập chế độ, nghị đức hạnh, thành công đương thời, lưu tiếng đời sau. | BK22: MHC: Chí thành thịnh đức vì nước, thì dân cảm, vật ứng, trời giúp, công thành, phú quý xiết kể. | BL22: MHC: Tài lớn chí cao nhưng không gặp thời, bị ngăn trở, nên chỉ làm được việc nhỏ. | BM22: MHC: Nghĩ tròn, lo xa, việc không khinh động, phép chẳng đổi bừa, giữ trọn vẹn thời Ký Tế, hưởng phúc lớn bền mãi. | BN22: MHC: Cầu hiền để giúp việc chính trị, gặp người ủy thác được, sự nghiệp rực rỡ đương thời.
B23: MKH: | C23: MKH: Khó đương nổi nhiệm vụ, tuy chí lớn nhưng khó toại nguyện. | D23: MKH: Cũng là người cẩn hậu công bằng, chính trực, biết lui tới, không ai hiềm nghi, được hưởng lộc dồi dào. | E23: MKH: Thì chỉ thích làm lớn lập công to, càng thêm tai họa. | F23: MKH: Thì cũng an thường thủ phận hòa quang đồng trần, không điều tiếng gì. | G23: MKH: Cũng có tiền giương thóc vựa, hưởng phúc, ít nhất là y thực sung túc. | H23: MKH: Cũng trung chính, khiêm cung tri cơ, cố thủ, ít cũng là nhân sĩ hương thôn. | I23: MKH: Ở thôn dã, có vườn, gia súc, có học vấn, quyền binh, con lớn quản được việc nhà, con nhỏ hay bị chết non. Số xấu: Thì lại là người nói liều làm bậy, vụng về gàn quải. | J23: MKH: Cũng trung chính, có đức hạnh, cô đơn, sau có bạn, trước vất vả, sau dễ dàng, dù thế nào vẫn đủ ấm no, văn võ đủ tài. | K23: MKH: Nhờ có của mà được thu dụng, hoặc có người ám trợ. Hưởng phúc bình thường. | L23: MKH: Khó hợp với nhân tình, đường đi gian nan, từng bước gai góc rồi mới nên. | M23: MKH: Cũng là người thiện, không ra oai mà được mến phục, bình sinh an vui, vợ đảm. | N23: MKH: Có tài đức, không gặp thời, bình sinh an vui, chẳng vinh, chẳng nhục. | O23: MKH: Gian nan, hình thương, mãi sau mới gặp dịp, nhưng phúc ít, họa nhiều. | P23: MKH: Ủy mị, để bị khinh nhờn, ra ơn mà thành oán. | Q23: MKH: Cũng thành công văn võ, giàu về làng, uy phục được kẻ ngoan cố. | R23: MKH: Nhu nhược, thiếu tự lập, nhiều bệnh hoạn. | S23: MKH: Cũng là người trung chính, không ai ghen ghét. | T23: MKH: Cũng khởi gia, được làng xóm trọng vọng. | U23: MKH: Cũng có phúc. | V23: MKH: Cũng là kẻ sĩ, có danh có thọ. | W23: MKH: Giàu có lớn. | X23: MKH: Cục mịch quá, mà vẫn thiếu thốn. | Y23: MKH: Đứng đầu đám đông, dựa vào phú hào, được cơm no áo ấm. | Z23: MKH: Tuy không có cách quý, nhưng cũng có ruộng vườn to tát. | AA23: MKH: Cũng có phúc, tai không, mừng đến. | AB23: MKH: Chí nhỏ, lợi nhỏ, có việc mừng nhỏ. | AC23: MKH: Bình sinh tân khổ, được người giúp đỡ. | AD23: MKH: Hoặc vợ già, con keo kiệt, thọ mỏng, tài xoàng. | AE23: MKH: Tài nhỏ, giải được ách, bình an. | AF23: MKH: Nhu nhược hôn ám, quyền ở tay người khác. Họ biết phụ lực vào với đại nhân thì đạt chí được phần nào mà trước khó sau dễ. | AG23: MKH: Thì chí mê lượng hẹp, bỏ gốc theo ngọn, tầm thường phúc mỏng. | AH23: MKH: Quyền vào tay người khác, hoặc gặp vợ hung hãn, hại gia đạo. | AI23: MKH: Cũng điềm đạm dưỡng tính, bình sinh an vui. | AJ23: MKH: Nhu nhược, phúc nhỏ, thọ ít. | AK23: MKH: Cũng là người óc sáng, chí rộng, biết xa, lo sâu, điều được mất mặc cho tự nhiên, tiến ngừng đều toại chí. | AL23: MKH: Khó gặp đồng chí, lo lắng, gian nan, bôn tẩu. | AM23: MKH: Cũng có cương, có nhu, đức nghiệp đều tốt. | AN23: MKH: Được nhờ âm công tổ nghiệp hưởng thụ, không khó nhọc gì, ra ngoài cũng gặp tri kỷ, nhưng phòng xương thịt bị cắn đứt. | AO23: MKH: Thân gia lúc khốn đốn có lương bằng giúp sức, trước kiển sau thái. | AP23: MKH: Cũng là người thành tín, từ huệ, đức nghiệp lớn, phúc trạch nhiều. | AQ23: MKH: Cũng xuất chúng, nơi làng nước cảnh ngưỡng mình, thân vinh, nhà vượng. | AR23: MKH: Cũng nhân hậu, có lòng làm ơn huệ cho người khác, nên hưởng phúc, là tăng đạo thì thông tuệ, đi buôn bán cũng tử tế. | AS23: MKH: Nhút nhát, không quả quyết, thiên lệch không hợp đạo trung, ưa thí những ơn huệ nhỏ để mang tai họa. | AT23: MKH: Cũng có học vấn độ lượng tuy không vinh hiển, nhưng cũng là phú hữu. | AU23: MKH: Cũng phản tỉnh luôn, chẳng vinh hoa thì cũng giữ vững được gia nghiệp. | AV23: MKH: Cũng giữ đạo, lập thân, biết tiến thủ, nghề nghiệp biết canh tân. | AW23: MKH: Trước khốn sau yên, hoặc cốt nhục bị hình thương. | AX23: MKH: Giữ nghĩa, an phận nghèo. | AY23: MKH: Cũng cao giá trị, thấy việc hồ đồ, không giữ chí hướng. | AZ23: MKH: Cũng trung thực, hiểu nhân tình, nhà vượng phúc dày. | BA23: MKH: Cũng trung hậu, bảo thủ cơ đồ, tuổi trẻ bôn tẩu, muộn mới an nhàn. | BB23: MKH: Thì cũng ngâm nga như Đào Tiềm, luận bàn kim cổ, được bằng hữu phụ hội, sinh kế bình thường. | BC23: MKH: Có thanh danh, ở ẩn nơi núi rừng, chí hướng muộn tuổi mới đạt, con muộn sanh. | BD23: MKH: Sang hèn cũng đối đãi thế, phú chẳng kiêu, có lòng muốn nhưng không tham. | BE23: MKH: Cũng văn chương nổi tiếng, lộc vị cao. | BF23: MKH: Cũng nổi tiếng văn chương, đức nghiệp; là thiện sĩ chốn hương thôn. | BG23: MKH: Tuy không được đại dụng nhưng cũng có thanh danh, việc phải làm đi làm lại, trước khó sau dễ. | BH23: MKH: Chí bất định, dùng bậy người để sinh oán ghét. | BI23: MKH: Chí khí hơn người, dù chẳng phú quý cũng có tiếng tăm. | BJ23: MKH: Cũng chẳng cạnh tranh, không xa hoa, an bần cẩn thủ. | BK23: MKH: Cũng có đức, trên quý, dưới phục, hưởng dụng phong túc, tuổi thọ dài lâu. | BL23: MKH: Kiêu ngông, phóng túng, trái nhân tình và ở chỗ vắng, không đạt chí. | BM23: MKH: Thiếu thành thực, nhiều phù hoa, tổn vật hại người, thân gia khó toàn, chỉ nên ở ẩn nơi sơn lâm hay chỗ u tịch thì còn phúc. | BN23: MKH: Cũng là quang minh chính đại, nghiệp lớn giàu thịnh, phúc đẹp.
B24: QC: | C24: QC: Nên danh nên giá. | D24: QC: Được tuyển dụng vào Phủ Nội. | E24: QC: Mọi sự không nên nóng nẩy làm liều, phải suy xét đắn đo thì mới tránh được tai nạn. | F24: QC: Mọi người đều được vừa lòng toại ý. | G24: QC: Lớn, lộc nước hưởng đời. | H24: QC: Được huy chương, thăng thưởng. | I24: QC: Hoặc ra chấp chính, hoặc có tên tuổi. | J24: QC: Vinh thăng. | K24: QC: Trên mến dưới kính, lên chức. | L24: QC: Có công lớn, không thưởng. | M24: QC: Chuyển ngạch có tin mừng. | N24: QC: Ngồi chính vị. | O24: QC: Trước bị cách giáng, sau mới khởi lên được. | P24: QC: Tri cơ thì thoái. | Q24: QC: Văn võ kiêm toàn, có binh quyền. | R24: QC: Phải dựa vào quyền thế người khác. | S24: QC: Mừng thăng ngạch trật. | T24: QC: Vinh hiển. | U24: QC: Hiển đạt. | V24: QC: Trên mến, dân quý. Lộc vị cao. | W24: QC: Dùng pháp luật trừ gian. | X24: QC: Phúc lộc, già thọ. Việc lớn khó tiến thủ, việc nhỏ tốt. | Y24: QC: Gia quan tiến chức, giữ việc trọng yếu. | Z24: QC: Thăng chuyển. | AA24: QC: Tiến tới. Dù có sự bất ngờ chẳng tốt, tự nhiên sáng tỏ. | AB24: QC: Thăng tiến. | AC24: QC: Nhờ người mà thành công mới giữ nổi địa vị. | AD24: QC: Không bền. | AE24: QC: Phận nhỏ nhưng không nguy. | AF24: QC: Đương hiển đạt thì đắc chí, thoái chức mà còn gian nan. | AG24: QC: Hay chấp nhất mất lòng đồng liêu. | AH24: QC: A dua quyền thế, bị chê cười. | AI24: QC: Thăng chuyển. | AJ24: QC: Sơ khoáng phận sự. | AK24: QC: Được vinh thăng. | AL24: QC: Kiệm đức tránh nạn. | AM24: QC: Hiển đạt. | AN24: QC: Được đền bù công lao. | AO24: QC: Ở quận ngoài, trong sạch. | AP24: QC: Giữ chức việc quan trọng trừ gian hoặc cầm quyền chinh phạt. | AQ24: QC: Gần mặt trời. | AR24: QC: Gặp lãnh đạo sáng suốt. | AS24: QC: Phòng gian nịnh làm hại. | AT24: QC: Có tài lương đống quốc gia. | AU24: QC: Chưa được tinh hẳn, nên chưa sáng sủa. | AV24: QC: Thăng trật. | AW24: QC: Trước khó, sau dễ. Hoặc coi tế lễ. | AX24: QC: Đức vị kiêm toàn. | AY24: QC: Vinh thăng. | AZ24: QC: Vinh hiển rất nhiều. | BA24: QC: Yên phận, bảo thủ cố hữu. | BB24: QC: Hiển đạt thì ở vị cao cấp Trung Ương, chưa hiển đạt thì cũng giữ chức ngôn luận. | BC24: QC: Hay bị dèm pha, trước mờ ám sau sáng. | BD24: QC: Thăng chuyển. | BE24: QC: Lên cao được. | BF24: QC: Được tiến cử vào chức vụ thanh danh. | BG24: QC: Tiên trở hậu thuận việc phải có kỳ hẹn, mưu vọng có chuyển biến. | BH24: QC: Gặp gian nịnh, dèm pha. | BI24: QC: Có thăng chuyển, có tiến thủ, có tai họa thì tiêu tan, cầu lợi được lợi. | BJ24: QC: Có thăng chuyển, đạt được. | BK24: QC: Trên dưới một lòng, tín nhiệm hơn. | BL24: QC: Cáo hưu. | BM24: QC: Trông coi việc tế lễ, nhưng hết thời cũng bị oán trách. | BN24: QC: Vinh thăng vượt bậc.
B25: GS: | C25: GS: Gặp cơ hội tiến thân, lên cao. | D25: GS: Được vinh danh lớn. | E25: GS: Mọi sự không nên nóng nẩy làm liều, phải suy xét đắn đo thì mới tránh được tai nạn. | F25: GS: Mọi người đều được vừa lòng toại ý. | G25: GS: Yến tiệc luôn luôn. | H25: GS: Đỗ cao, vinh hiển. | I25: GS: Đỗ thứ, thành danh. | J25: GS: Đỗ đạt, được tiến cử. | K25: GS: Tâm đầu ý hợp, nên danh. | L25: GS: Tiêu biểu mà khó thành danh. | M25: - Giới chức: Có điềm đỗ đạt tiến tới. | N25: GS: Họa đi phúc sắp lại, kẻ thù lui dần. Lo hóa mừng, mất thành được. | O25: GS: Trước vất vả, sau mới gặp dịp. | P25: GS: Thừa cơ nên tiến. | Q25: GS: Đỗ đạt. | R25: GS: Không người giúp, khó gặp cơ hội. | S25: GS: Đỗ đạt, được tiến cử. | T25: GS: Hoặc đỗ đạt, được tiến cử, nên danh. | U25: GS: Lên cao. | V25: GS: Văn chương nổi tiếng ở Quốc học. | W25: GS: Thành danh. | X25: GS: Phúc lộc, già thọ. Việc lớn khó tiến thủ, việc nhỏ tốt. | Y25: GS: Đứng đầu sổ, nên danh. | Z25: GS: Đỗ đạt, được tiến cử. | AA25: GS: Tiến tới. Dù có sự bất ngờ chẳng tốt, tự nhiên sáng tỏ. | AB25: GS: Thăng tiến. | AC25: GS: Được đề cử, làm nhỏ. | AD25: GS: Khó tiến. | AE25: GS: Lợi nhỏ. | AF25: GS: Tiến thủ khó. | AG25: GS: Khó tiến thủ. | AH25: GS: Tiến liều bị nhục. | AI25: GS: Gặp quý nhân và có vui mừng. | AJ25: GS: Mất tiếng. | AK25: GS: Tiến thủ thành danh. | AL25: GS: Khó gặp tri kỷ. | AM25: GS: Thành danh. | AN25: GS: Được lên cao. | AO25: GS: Thi bằng trung cấp hoặc được vào Đại học. | AP25: GS: Thành danh. | AQ25: GS: Đỗ cao. | AR25: GS: Tiến thủ thành danh. | AS25: GS: Lợi nhỏ. | AT25: GS: Có tài lương đống quốc gia. | AU25: GS: Chưa vững đạo đức. | AV25: GS: Được tiến cử. | AW25: GS: Trước nghịch, sau thuận. | AX25: GS: Được tiến cử, lợi danh có đủ. | AY25: GS: Được tiến cử lên cao. | AZ25: GS: Đỗ cao khoa. | BA25: GS: Yên phận, bảo thủ cố hữu. | BB25: GS: Nhờ một lời nói trúng đại nhân mà khoa danh thành tựu. | BC25: GS: Sau mới thành. | BD25: GS: Đỗ đạt. | BE25: GS: Đỗ cao thành danh. | BF25: GS: Thành danh. | BG25: GS: Nên danh. | BH25: GS: Buồn vì bị mất, bị đoạt. | BI25: GS: Có thăng chuyển, có tiến thủ, có tai họa thì tiêu tan, cầu lợi được lợi. | BJ25: GS: Có thăng chuyển, đạt được. | BK25: GS: Tiến thủ thành danh. | BL25: GS: Ở hang cùng, có triệu chứng lấy công nương. | BM25: GS: Hết thời rồi mới đi theo cho nên tai hại. | BN25: GS: Văn chương xán lạn.
B26: NT: | C26: NT: Gặp quý nhân đề cử. Hoặc dựa thần thế lớn, hoặc xây dựng cung điện. | D26: NT: Mọi việc yên ổn, thu hoạch tài lợi. Nữ mệnh là đức phụ. | E26: NT: Mọi sự không nên nóng nẩy làm liều, phải suy xét đắn đo thì mới tránh được tai nạn. | F26: NT: Mọi người đều được vừa lòng toại ý. | G26: NT: Vui mừng, thóc vải tăng gia, hôn nhân tốt. | H26: NT: Tính toán làm ăn có lợi. | I26: NT: Thuế ruộng ngày cao, ủy quyền được việc. Trẻ con phòng tật ách. | J26: NT: Tiên trở hậu thuận. | K26: NT: Được giúp đỡ, vừa lòng. | L26: NT: Bạo động, họa hoạn có ngày vong thân. | M26: NT: Được giới thiệu, hoặc việc hôn nhân, sinh sản đều tốt đẹp. | N26: NT: Họa đi phúc sắp lại, kẻ thù lùi dần. Ruộng vườn thâu hoạch. Lo hóa mừng, mất thành được. Số xấu tổn vong hình khắc. | O26: NT: Trước khó sau dễ, buồn vui bất thường. | P26: NT: Xem thời mà động tĩnh, nhưng không nên kiêu mãn mà chịu tai vạ. | Q26: NT: Gặp quý nhân, lợi bội thu, nhưng phòng kiện tụng. | R26: NT: Nhiều việc lo nghĩ, tai nạn khó tránh. Bệnh tim, bụng. | S26: NT: Nhiều việc vui mừng. | T26: NT: Lập lại quy mô gia tộc, nên danh, vui mừng. | U26: NT: Toại ý. | V26: NT: Sinh nhai dễ chịu. Nữ mệnh có sinh nở. Bệnh nhân: sống. | W26: NT: Hoạch lợi. Bệnh khỏi. Nạn giải. | X26: NT: Phúc lộc, già thọ. Việc lớn khó tiến thủ, việc nhỏ tốt. | Y26: NT: Kinh doanh vượt người, hòa hợp. Nữ mệnh tiền tài nhà cửa thăng tiến có phước. | Z26: NT: Tích trữ có lời, phòng có tang. Lo cho phụ thân. | AA26: NT: Bệnh không thuốc thì khỏi, việc thành, sự sinh nở tốt lành. | AB26: NT: Nhiều việc vui mừng. Nếu thất đức thì bị giảm nhiều. | AC26: NT: Có chỗ nhờ, đạt được chí. Phòng sông, nước. | AD26: NT: Khó kinh doanh, đương vui hóa buồn, đường đẹp hóa xấu, trước nghịch cảnh, sau mới thuận. | AE26: NT: Bình thản, không nguy gì. | AF26: NT: Kinh doanh đình trệ. Vận xấu, khó tránh buồn rầu than khóc. | AG26: NT: Tính tình khó hợp, mưu việc nhỏ. | AH26: NT: Bất thiện bị hủy báng, bài xích. | AI26: NT: Gặp quý nhân và có vui mừng. | AJ26: NT: Mưu vọng chẳng được việc gì. Người ốm có triệu chứng nguy kịch. | AK26: NT: Được lợi. | AL26: NT: Gia đình có hoạn nạn. | AM26: NT: Gặp quý nhân. | AN26: NT: Thâu lợi, hôn nhân thành, có người đề cử. Số xấu thì bạn bè oán ghét, xương thịt bị hình thương, quan sự rắc rối. | AO26: NT: Kinh doanh được đề cử, có lợi. | AP26: NT: Thâu lợi, tụng giải, bệnh khỏi. | AQ26: NT: Đại phát tài, nhưng phòng có tang. | AR26: NT: Doanh mưu xứng ý. Tăng đạo ở vị nhỏ thấp được tri ngộ tôn quý. | AS26: NT: Kinh doanh đắc ý. Kiện được thân bầy phải trái. Bệnh khỏi. | AT26: NT: Được người tôn quý dắt dẫn và thu hoạch bất ngờ. Đàn bà có sinh nở. Người già giảm thọ. | AU26: NT: Không hợp nhân tình, nên còn trở ngại. | AV26: NT: Doanh mưu toại ý. | AW26: NT: Trước hỏng sau được. Số xấu có kiện tụng, hoặc tang phục, tế lễ. | AX26: NT: Kinh doanh hoạch lợi. | AY26: NT: Biến thông có lợi. Duy kẻ sĩ hèn mọn và Nữ mạng không hợp. | AZ26: NT: Thương mại hoạch lợi. Tăng ni trụ trì yên ổn. | BA26: NT: Có lo, đau chân tay. | BB26: NT: Hợp nhân tình, mưu được toại ý. Số xấu thì vạ miệng. Già trẻ khó về sinh kế. | BC26: NT: Trước khó sau dễ, già tổn thọ, nhỏ khó nuôi. Người tận số có triệu chứng đem chôn trên gò cao. Sinh tháng 1 là đại phú quý. | BD26: NT: Được toại nguyện. Lấy vợ được của hoặc làm quý khách của nước. | BE26: NT: Được người đề cử, mưu vọng toại ý. | BF26: NT: Gần bậc tôn trưởng. Người già được kẻ tạ ơn. Phụ nhân được bằng khoán hay được giấy tờ tốt đẹp. Số xấu thì không nói tốt được. | BG26: NT: Có phúc, lợi. | BH26: NT: Bị gian tà âm mưu vây quanh làm hại. | BI26: NT: Có tai họa thì tiêu tan, cầu lợi được lợi. | BJ26: NT: Mưu vọng toại ý. | BK26: NT: Nhân tình hòa hợp, mưu tính thành việc, có lợi. | BL26: NT: Thủ cựu thì tốt, chỉ có người già và bệnh nhân là xấu. | BM26: NT: Mưu việc gần thì còn thấy thực, xa thì hão huyền, lợi phương Tây, không lợi phương Đông. | BN26: NT: Được quang hiển, vàng lụa tích nhiều.
B27: Thơ: | C27: Ẩn tên dấu tuổi đợi thời, | D27: Phận mình yên, giữ ngôi trung | E27: Hướng tây nên cầu vãng, | F27: Đồng Mông có ứng bên đông, | G27: Nhu cầu nay thỏa mãn rồi, | H27: Lòng chính trực, án công minh | I27: Ân thành oán, oán thành ân | J27: Người đi kẻ lại tự do, | K27: Đức tin trên dưới một lòng, | L27: Luôn luôn phòng bị gian nan, | M27: Phận gái đều ngôi chính, | N27: Thời đại thịnh, sắp tới nơi | O27: Dùng quyền, người chửa thuận tòng | P27: Dưới trên giữ Tín đừng sai, | Q27: Khiêm nhường cảm phục bao người, | R27: Ôm cần, nước lạnh lê thê | S27: Chính trung trên dưới đều tin, | T27: Có đức ngồi vị cao sang, | U27: Trăng tròn, hoa lại nở tươi | V27: Cây ngay bóng thẳng xét mình, | W27: Một lòng chính trực trừ gian, | X27: Ruộng vườn, chí sĩ kiệm cần | Y27: Đem người quy thiện là hay, | Z27: Năm hồ yên lặng trăng cao, | AA27: Bệnh tự khỏi, chẳng lo gì | AB27: Đức to, phù tá công huân | AC27: Lui về thì được an thân, | AD27: Một việc hay nghĩa, | AE27: Tuy đầy mà chẳng lo tràn, | AF27: Bờ sông trút hết nước, | AG27: Suốt ngày hoa nở thấy hoa đâu, | AH27: Đong đưa câu chuyện đàn bà, | AI27: Thời đây, cứ việc tiến hành | AJ27: Một bò hai đuôi, | AK27: Gặp thời ám muội tối om, | AL27: Gặp thời đen tối đừng rầu, | AM27: Ngôi tôn đẹp, khỏi phải cầu | AN27: Tênh tênh hoạn nạn xa rồi, | AO27: Ruột tằm bối rối nguy nan, | AP27: Một tin về, tự phía tây | AQ27: Việc đời tổn trước ích sau, | AR27: Thành tín nhân huệ ở đời, | AS27: Trừ tà, giữ chính, dân mong | AT27: Trung chính ngồi cao dễ thí vi, | AU27: Trăng tròn hoa lại nở ra, | AV27: Ngồi cao nhu thuận thắng cương, | AW27: Hình thương đến thế là nhiều, | AX27: Nước ngon như suối trong veo, | AY27: Cải cách phải hợp lòng dân, | AZ27: Ngàn năm gặp hội tao phùng, | BA27: Ghê hồn đao lửa kinh nguy, | BB27: Lời ngay cùng lẽ phải, | BC27: Gò cao, ngán chó sủa uôm | BD27: Hiền hòa, trung chính khiêm nhường | BE27: Tin qua người lại vui mừng, | BF27: Chim bay phóng, một mũi tên | BG27: Nguy qua, hối hận cũng qua | BH27: Trong cỏ ễnh ương kêu ộp ộp, | BI27: Trên ra mệnh lệnh dưới hành, | BJ27: Đầu cành thước đã báo tin, | BK27: Nghiêng bầu nở mặt nở mày, | BL27: Việc trễ, mà vẫn theo cùng | BM27: Lòng thành lễ bạc cảm trên, | BN27: Lòng thành cầu bậc hiền tài,
C28: Khi ra Rồng bổng, cõi trời xanh xanh. | D28: Trời cho cát khánh về vùng Tây Nam. | E28: Thu đông sẽ hết truân. | F28: Thuận buồm vượt sóng qua sông dễ dàng. | G28: Còn chi mà chẳng an vui tiệc tùng. | H28: Tòa nào cũng thế oan tình còn đâu. | I28: Đôi phen hòa hợp, ân cần lo xa. | J28: Lầu cao trăng sáng soi thu vạn đường. | K28: Xảy khi hoạn nạn đều cùng thương nhau. | L28: Yên cương roi ngựa, dặm ngàn quản chi. | M28: Ngôi tôn: Nguyên, cát, hanh. | N28: Nhưng đừng hờ hững, lỡ rồi xảy nguy. | O28: Khi thêm sức mạnh, thành công đến liền. | P28: Vốn mềm phải cứng cho oai việc làm. | Q28: Gặp bè ngoan cố, dùng oai trị liền. | R28: Cá không muốn đớp, thuyền về cho xong. | S28: Hy sinh làm thiện, phúc bền, hanh thông. | T28: Danh thơm lừng khắp, bạc vàng nào hơn. | U28: Mưu cầu được việc, tin người đến tay. | V28: Thì công giáo hóa cát hanh rõ ràng. | W28: Chăm lo chức vụ, kêu than tắt dần. | X28: Đông Nam tin tốt, dần dần mừng vui. | Y28: Tương lai rực rỡ, khác ngày xa xưa. | Z28: Thuyền câu vớ được mấy ngao đem về. | AA28: Cánh buồm Tây Bắc chuyển đi nhẹ nhàng. | AB28: Binh quyền cũng được dự phần chính trung. | AC28: Dưới trên đùm bọc, bảo trân sáng ngời. | AD28: Một người hai lòng. | AE28: Thuyền to buồm nhẹ tếch ngàn dặm khơi. | AF28: Kinh nạn lụt nguy thôi. | AG28: Gặp ả Kim biên vận tốt mau. | AH28: Nếu là phận gái ắt là tiết trinh, | AI28: Kế hay đã sẵn, tiến trình thản nhiên. | AJ28: Một trăng mới rơi. | AK28: Giữ mình chính đính vận còn cát hanh. | AL28: Giữ mình ngay thẳng ắt sau tốt lành. | AM28: Đông tây thuận bước, ngẩng đầu trời soi. | AN28: Đến kỳ cát khánh, vui ngồi với nhau. | AO28: Quý nhân đâu tới, hoàn toàn giúp cho. | AP28: Tin vui tiến dụng từ nay lộc nhiều. | AQ28: Bạn hiền giúp đỡ mới mau tốt lành. | AR28: Không cần hỏi nữa, đạo trời cũng theo. | AS28: Cương không đi quá, đạo trung rõ ràng. | AT28: Đất sinh cây kỷ buổi đương thì. | AU28: Việc đời thong thả, tu là được hay. | AV28: Sau vườn xuân tốt, trước đường mưa tươi. | AW28: Đem tâm cúng lễ sau đều mừng vui. | AX28: Bên Đông trời mọc, nước reo, núi hùng. | AY28: Làm đâu được đấy, khỏi cần bói quy. | AZ28: Điều canh, đỉnh thực lập công để đời. | BA28: Giai nhân thực giúp, hẹn đi Khôn hào (đất Tây Nam) | BB28: Nên không hối hận gì. | BC28: Thuận dòng nên thả cánh buồm gió căng. | BD28: Gần rằm, trăng vẫn đạo hằng, không kiêu. | BE28: Lợi danh thay đổi, trận cùng nhạn bay. | BF28: Lộc trên trời xuống, thân liền tốt ngay. | BG28: Trong tay quyền bính thật là tự nhiên. | BH28: Đêm nhà ba chó cắn oang oang (?) | BI28: Băng tan hiểm họa, gió thanh khí hòa. | BJ28: Thang mây sẵn đó, hoa đèn đẹp kia. | BK28: Thiên thời, địa lợi từ nay mạnh làm. | BL28: Mây chưa mưa xuống, chưa công quả gì. | BM28: Việc làm đúng lúc tự nhiên trời phù. | BN28: Ra tay giúp nước, gặp người trung lương.
C29: Đáng ngôi lộc vị dành dành, | E29: Đừng nên do dự nữa, | M29: Cao nhân đem mộc đến, | AD29: Cây khô hoa mới, | AF29: Cô gái vẫy vành nón, (Nữ nhân huy nhất lạp, | AG29: Danh lợi chỉ toàn mi với lộc, | AH29: Ướm thăm cái bước tiền trình, | AJ29: Đường dài khúc khuỷu, | AQ29: Hỏi hoa trong tuyết lạnh tình, | AT29: Quả nhiên giữ chính rồi tương ngộ, | BB29: Đừng hiềm danh lợi muộn, | BH29: (Nhất đôi thảo lý oa minh cổ
C30: Khắp trong bốn biển, nổi danh hiền tài. | E30: Gắng sức tự Kinh Luân. | M30: Thập, Bát, Tử xuân kinh. (?!) | AD30: Nên chờ qua đông. | AF30: Quay đầu hoa nở rồi. hồi đầu hựu hoa khai). | AG30: Đường trời lên rộng, ráng pha màu. | AH30: Âm lùi mong được đêm lành tạnh quang. | AJ30: Sóng gió vạc sôi (?!) | AQ30: Ngày mai nắng ấm, tướng tinh ai bì. | AT30: Hầu thỏ ngưu sà lại phát huy. | BB30: Xuân sang phúc lộc kỳ. | BH30: Tam khuyển sào biên giạ phệ gia)
A31: 4 | B31: Lược nghĩa: | C31: Hoặc nhảy ở vực sâu, không lỗi gì. (Ở vực sâu, chưa bay lên trời. Thế đương thay đổi, phải tùy thời). | D31: Thắt miệng túi lại, không lỗi, không tiếng khen. (Túi đây là túi trí khôn, như vẫn thường nói túi Kinh Luân, túi Kế hoạch). | E31: Cưỡi ngựa dùng dằng như (ư !) (Không lên được với hào 5). Quay xuống cầu kết bạn (Với Hào 1 Dương) thì tốt, không làm gì là chẳng lợi. | F31: Khốn vì trẻ ngu tối, hối thẹn. | G31: Đợi ở nơi đổ máu, nhưng thoát khỏi hang hiểm. | H31: Chẳng kiện nổi ai. Trở lại mệnh trời, thay đổi yên theo điều chính thì tốt. | I31: Quân lui về phía sau, không lỗi. | J31: Sánh vai với người ngoài (hào 5). Chính nên tốt. | K31: Có thể tin tưởng: Máu tan (thương tích lành lại), lo hết, không lỗi gì. | L31: Dẫm đuôi cọp, nơm nớp sợ, sau tốt. | M31: Hớn hở, chẳng giàu mà lấy được lòng hàng xóm, chẳng răn giới gì mà lấy được lòng tin nhau (3 hào âm cùng một bè). | N31: Có vận mệnh, không lỗi gì, cả bọn được nhờ phúc (cả 3 hào dương). | O31: Cưỡi bức tường (hào 3) nhưng chẳng đánh phá gì, tốt. | P31: Chẳng tự bành trướng (thế mình) không lỗi gì. | Q31: Không gì là chẳng lợi, phát triển được đức khiêm. | R31: Bởi nhờ ta, nên có vui (hào 4 được chúng tông), có điều được to, đừng ngờ gì, bè bạn đến hợp cho mau lẹ (bảo 5 hào âm kia). | S31: Thời tùy, có cái được, nhưng giữ chính mà vẫn xấu (hào 5 ngờ). Có tin tưởng ở đạo lý để làm cho sáng tỏ, còn lỗi gì ? | T31: Kéo dài việc đổ nát của cha, cứ thế, thấy xấu thẹn. | U31: Tha thiết mà tới, không lỗi gì. | V31: Xem vẻ sáng của nước (hào 5). Lợi về việc làm quý khách ở vương triều. | W31: Cắn miếng thịt xương khô, được cái kim vàng chịu khó giữ chính nên tốt. | X31: Trang sức cho nhau như (ư !) làm trắng toát cho nhau như (ư !), ngựa trắng bay như (ư !) chẳng phải kẻ cướp mà là người cầu hôn. | Y31: Hỏng giường đến tận da (người nằm), xấu. | Z31: Đi đúng giữa, một mình trở lại (với đạo lý) giữa đám tiểu nhân (5 hào âm). | AA31: Có thể giữ bền chính thì không lỗi gì. | AB31: Cùm gông sừng con nghé, tốt nhất (để nghé khỏi chạy nhảy, hại sức). | AC31: Trái đạo Di mà tốt (hào 4 chính), hổ nhìn chăm chăm (hào 4 nhìn xuống hào 1 ứng) lòng ham muốn rồn rập, nhưng không lỗi gì. | AD31: Cây cột lớn khỏe, nên tốt (nhưng nếu) có ý khác (đam mê) là sẽ hổ thẹn. | AE31: Dâng chén rượu, bát ăn, dâng thêm dùng ve sành (tỏ lòng thành) dâng lời ước hẹn từ cửa sổ (tỏ trí khôn, tùy cơ) sau không lỗi gì. | AF31: Đột nhiên như (ư !) mà tới như (ư !) thiêu đốt như (ư !) chết như (ư !) bỏ như (ư !). | AG31: Giữ chính thì tốt, mất cả hối tiếc, đi lại bối rối (cảm tính) theo tư tưởng của anh chỉ vì bọn mà thôi. | AH31: Đi săn mà không có chim (hào 4 không trung chính). | AI31: Ẩn tránh cái ưa thích của mình (hào 1 ứng) người Quân tử thì tốt (vì bỏ được), kẻ tiểu nhân không làm được. | AJ31: Giữ được chính thì lành, mà khỏi ăn năn gì; Bờ giậu đã tung, chẳng phải mệt nữa; Sức đương hăng ở cái trục bánh xe lớn. | AK31: Tiến lên như ! con chuột đồng, cố chấp thì nguy. | AL31: Đi vào (chỗ tối như) bên trái bụng, muốn thỏa lòng trong thời Minh Di thì nên ra khỏi cửa, sân. | AM31: Làm cho nhà hưng thịnh, tốt lắm. | AN31: Cô đơn ở thời Khuê, mà gặp được chàng trai xưa tin nhau (hào 1 đồng đức) tuy thời nguy, nhưng không lỗi. | AO31: Đi lên thì vất vả, trở lại thì liên kết được (với 3 hào quẻ nội). | AP31: Cởi bỏ ngón chân cái của mày đi (bảo hào 4 bỏ hào 1 đi) thì bạn mới đến mà tin tưởng đó. | AQ31: Giảm bớt nết xấu của mình (âm nhu), khiến làm cho nhanh thì có mừng, không lỗi. | AR31: Làm theo đạo trung rồi báo cáo lên ông trên (hào 5 ?) cũng tin theo (vì địa vị của hào 4 quan trọng nhất trong thời Ích). Lợi dụng (đạo trung) làm điểm tựa mà dời quốc đô đi (hào 4 là trái tim của quẻ Ích đã phát động sự trao đổi với hào 1). | AS31: Mông đít không da, nên đi chập choạng (hào 4 xấu), (chỉ có cách) lùa bầy dê thì khỏi ăn năn (nhường những hào dương kia đi trước, mình theo sau), nghe lời này chẳng tin ư ? (hào 4 dở dang lắm). | AT31: Bao không cá (hào 1 đã ở trong bao của hào 2 rồi) bắt đầu xấu (hào 4 cô lập). | AU31: Giữ rất tốt thì không lỗi (hào 4 vị bất đáng). | AV31: Vương dùng lễ dâng (lên đế, tức hào 5) ở núi Kỳ Sơn, tốt, không lỗi gì. | AW31: Đi lại từ từ, với nhau (hào 4 và hào 1) vì bị kẹt ở cái xe sắt (hào 2 ngăn cản), hối thẹn, nhưng có kết quả về sau. | AX31: Giếng sửa lại, không lỗi gì. | AY31: Hết ăn năn rồi có đức chí thành, sửa đổi những mệnh lệnh phương pháp cũ thì tốt. | AZ31: Vạc gãy chân, đổ ụp thức ăn của nhà nước, bị hình phạt nặng, xấu. | BA31: Sấm phệt xuống bùn (kẹt vào giữa bốn hào âm, hào 4 dương bị chìm nghỉm, sấm không nổ vang được). | BB31: Tự ngăn được thân mình, nên không lỗi (hào 4 được chính). | BC31: Chim hồng tiến dần lên trên cây, hoặc được cái cành bằng, không lỗi gì. | BD31: Gả em sai kỳ hẹn rồi, cũng còn có thời, nhưng về nhà chồng muộn vậy. | BE31: Lớn thay cái vật che lấp mình, giữa ngày mà trông thấy cả sao đẩu; gặp ông di chủ ngang thưng (hào 4 và hào 1 cùng dương cả), tốt. | BF31: Lữ khách đến chỗ ở tạm, được tiền của và đồ hộ thân, nhưng lòng mình chẳng được vui vẻ. | BG31: Khỏi ăn năn gì, đi săn được 3 phẩm vật. | BH31: Suy lường xem nên vui hòa với phía nào (với hào 5 dương hay 3 âm) vì vậy chưa yên lòng, nhưng cương quyết bỏ (hào 3 tiểu nhân) liền có sự vui mừng. | BI31: Tan cái đàn nhỏ, tốt nhất, tan mà có đoàn lớn (thay vào) không phải kẻ tầm thường nghĩ được. | BJ31: An vui về việc giữ chừng mực nên hanh thông. | BK31: Mặt trăng gần đến rằm, con ngựa bỏ “bồ” cập đôi, không lỗi gì (bỏ hào 1 để đi với hào 5 hay hơn). | BL31: Không lỗi, chẳng quá (cương) mà đúng đạo lý đấy (thời tiểu quá), tiến thời nguy nên rán, chớ dùng thói cố chấp mãi (mà có hại). | BM31: Thuyền bị nước thẩm lậu, phải có giẻ để trám chỗ lủng, suốt ngày lưu ý (lên đến quẻ Khảm rồi). | BN31: Giữ chính thì mới tốt, và khỏi ăn năn, phải dùng sức chấn động để đi đánh qui phương ba năm, sẽ được thưởng nơi nước lớn.
B32: Ý HÀO: | C32: Ý HÀO: Nên xét kỹ đường lui tới, chẳng nên khinh động. | D32: Ý HÀO: Nên tự thủ | E32: Ý HÀO: Đi cầu người hiền tài để ra tay cứu buổi gian truân, và được hài lòng. | F32: Ý HÀO: Nói cái hại không biết làm thân với người giỏi để học. | G32: Ý HÀO: Nên biết tránh sự tai hại. | H32: Ý HÀO: Biết tự xử, đứng vững thì không lầm lỗi. | I32: Ý HÀO: Cầu may mà thắng thì sẽ thất bại. | J32: Ý HÀO: Sánh vai với bên ngoài thật đáng cấp trên mình, vừa ngay vừa tốt. | K32: Ý HÀO: Cảm phục được lòng người nên mọi tai họa đều hết. | L32: Ý HÀO: Tôn kính người trên, được toại ý. | M32: Ý HÀO: Thời đến, bầy tiểu nhân cũng tiến. | N32: Ý HÀO: Có cơ hội ngộ. | O32: Ý HÀO: Biết lấy điều nghĩa mà chế tài cái thế lực. | P32: Ý HÀO: Chức vị lớn mà biết dẹp bớt sự kiêu mãn của mình thì đỡ lầm lỗi. | Q32: Ý HÀO: Làm đến đâu được đến đấy, mà vẫn nhũn. | R32: Ý HÀO: Có công đem vui đến, lại bảo cho biết cách giữ gìn lấy sự vui mừng. | S32: Ý HÀO: Đạo tùy, dù có đi đến chỗ nguy, nhưng cứ thành thực chính đáng thì không lỗi gì. | T32: Ý HÀO: Cấp cao sửa tệ tục mà cứ dùng dằng mãi sau không sửa được. | U32: Ý HÀO: Thành thực đối với người, bổ khuyết cho họ. | V32: Ý HÀO: Nghĩa (quân thần) buổi thịnh thời. | W32: Ý HÀO: Có quyền dùng hình phạt, mà biết khéo dùng. | X32: Ý HÀO: Cầu nhau thương mến nhau. | Y32: Ý HÀO: Âm họa sát người rồi. | Z32: Ý HÀO: Đẹp ở chỗ không ám muội giữa đám tiểu nhân. | AA32: Ý HÀO: Giữ chính thì ít lỗi lầm. | AB32: Ý HÀO: Ngăn điều ác ngay từ lúc đầu thì làm được điều thiện. | AC32: Ý HÀO: Dùng người hiền để nuôi dân. | AD32: Ý HÀO: Cương nhu đủ cả, nên gánh được trọng trách, nhưng nếu thiên về phía mềm yếu thì sẽ hỏng. | AE32: Ý HÀO: Điều thiện cảm được nguyên thủ, thành công. | AF32: Ý HÀO: Cậy cương mạnh để làm biến cách chính trị thì chỉ chóng đi đến chỗ chết. | AG32: Ý HÀO: Học theo tài vương bá. | AH32: Ý HÀO: Không nên giữ lâu mà cứ ở lâu. | AI32: Ý HÀO: Tin ở người Quân tử có thể quyết chí ẩn tránh. | AJ32: Ý HÀO: Trở về đường chính, có thể tiến được. | AK32: Ý HÀO: Đức không đáng ngồi chỗ ấy. | AL32: Ý HÀO: Vào chỗ tối còn nông, còn có thể đi ra xa được. | AM32: Ý HÀO: Làm lợi cho nước, cần có đức. | AN32: Ý HÀO: Được gặp bạn, không buồn nỗi cô đơn. | AO32: Ý HÀO: Thời không nên tiến, nên hợp lực với bên dưới thì cùng vượt được gian nan. | AP32: Ý HÀO: Phải nghiêm chỉnh mà tuyệt giao thì mới đúng đạo và hợp chí. | AQ32: Ý HÀO: Khiến người biết phản tỉnh mà làm nhanh. | AR32: Ý HÀO: Làm ích cho dưới nên trên thì người lãnh đạo, dưới thì dân chúng đều tin theo. | AS32: Ý HÀO: Chưa khéo, nên bảo cho biết cái thuật quyết tính bọn tiểu nhân. | AT32: Ý HÀO: Mất dân nên xấu. | AU32: Ý HÀO: Trên dưới ỷ thác, nên phải hết lòng. | AV32: Ý HÀO: Lòng thành tế thần được hưởng phúc. | AW32: Ý HÀO: Tài nhỏ không cứu được khốn ngay lúc đầu, nhưng sau sẽ gặp nhau. | AX32: Ý HÀO: Tự tu, giữ điều thiện dù chỉ một mình. | AY32: Ý HÀO: Có dân đồng tâm hiệp lực thì cách mệnh duy tân được. | AZ32: Ý HÀO: Làm lớn mà dùng người hỏng, để quốc gia đổ ụp. | BA32: Ý HÀO: Cứ theo vật dục bừa bãi là nguy. | BB32: Ý HÀO: Thời nên ngừng thì ngừng, không vọng động. | BC32: Ý HÀO: Gặp bạo mà được yên lành. | BD32: Ý HÀO: Cốt giữ đạo, chẳng tiến cẩu thả được. | BE32: Ý HÀO: Tuy gặp cấp trên không xứng đáng, nhưng cũng tiến lên thì tốt. | BF32: Ý HÀO: Được quán trọ tử tế, để lo chuyện thiên hạ. | BG32: Ý HÀO: Có công thu hoạch được nhiều. | BH32: Ý HÀO: Tuyệt giao với bọn tà nịnh, để giữ một lòng trung nên hưởng phúc. | BI32: Ý HÀO: Bỏ cái bé, lập cái lớn, phải trù mưu chí lý. | BJ32: Ý HÀO: Yên phận phụ tá nên thành công sửa trị. | BK32: Ý HÀO: Quên riêng tư để phục vụ việc lớn. | BL32: Ý HÀO: Nên quá khiêm cung, đừng kiêu ngạo có hại. | BM32: Ý HÀO: Chức lớn dự phòng việc nước, cho hết đạo trị dân. | BN32: Ý HÀO: Cố gắng theo chính đạo, thành công gian nan.
B33: MHC: | C33: MHC: Tùy cơ đi hay ngừng, tiến đức tu nghiệp, thực hiện đường lối đúng thời. Người có chí học thì nên danh khoa bảng. | D33: MHC: Tuy được ngồi địa vị hưởng lộc tốt lành nhưng mưu tính việc lớn chưa thành, không vác nặng đi xa được, chỉ nên tính việc lợi ích nhỏ mà thôi. | E33: MHC: Là người hiền tài sau gặp được vị lãnh đạo sáng suốt, được lên chức lớn. Không phải cầu cạnh ai mà người ta tìm đến mình. Nữ mạng thì chồng sang con quý. | F33: MHC: Tuy có tài nhưng khó gặp được người lãnh đạo sáng suốt (Minh chủ) cứ thui thủi giữ tiết lấy một mình và uổng tài ở nơi hẻo lánh. | G33: MHC: Có tài đức, tri cơ, ra khỏi hiểm trở một cách vui vẻ, nhờ đó thân được an toàn. | H33: MHC: Chí cương quyết, lòng tự ái, theo lành, sửa lỗi. Chữ Mệnh, chữ An thì có nghĩa là Mệnh quý, thọ, an nước, an nhà. Đàn bà là mệnh phụ, vợ ông lớn. | I33: MHC: Sáng nước bước, liệu việc trước, biết ứng biến từ lúc thời bình, nên tránh được họa khi loạn đến (Chữ Tả ngày xưa chỉ chức: Tả tướng, Tả tào v.v...). | J33: MHC: Tận tâm với chức vụ. Trong lòng ngoài mặt như in. Phú quý bền lâu. | K33: MHC: Người quý lại gặp tri kỷ. Được thuyên chuyển tốt, buồn hóa vui, xấu hóa tốt. | L33: MHC: Kính thận đối với trên, mềm dẻo thu phục được kẻ bạo cường, người kim, lòng hoài cổ, đổi khó thành dễ, hóa xấu thành tốt. | M33: MHC: Nhiều trở ngại khó, nghi ngờ, hoặc được hoặc mất, công danh khó trọn vẹn, tất tả ngược xuôi, gian nan mới được việc nhà. | N33: MHC: Có công danh phúc thọ, được đãi như quốc khách để thực hiện chí hướng. | O33: MHC: Biết cơ mà thoái, biết đủ mà không tham, hoặc giữ chức trấn thủ biên thành, hoặc giàu có ở nhà lớn tường cao. | P33: MHC: Không kiêu dâm, đã minh lại triết, trước sau tốt lành. | Q33: MHC: Có đức tài, lại biết lập ngôn, mà vẫn nhũn nhặn, không giả trá; hưởng phú quý. | R33: MHC: Tiếng thơm đức hậu, quyền trọng, công cao, làm việc lớn. Giải quyết được việc lớn. | S33: MHC: Hợp tình hợp lý, vị ở cao mà không lộng quyền. | T33: MHC: Tính ủy mị, tuy có đại tài mà không thực hiện được việc nhỏ. | U33: MHC: Trung chính, tin nhau trong đảng bạn nên công nghiệp dễ thành. | V33: MHC: Tài đức đầy đủ, làm giường cột quốc gia, có quyền giám sát. | W33: MHC: Bậc đại quý nhân, giữ việc lớn, chính trực không sợ gì. | X33: MHC: Học rộng tài cao, lão thành nơi Hàn viện, trước khó sau dễ, người thân ngờ vực, xuất chính được đắc cách. | Y33: MHC: Dù là quý nhân mà sau mất cả thể cách. | Z33: MHC: Tuy ở thời loạn ô trọc, mà một mình giữ được đạo trung, hưởng lộc trong lành. | AA33: MHC: Quân tử, một mình giữ được điều thiện, phúc trạch rộng lớn. | AB33: MHC: Hoặc có chuyên khoa nhi đồng hoặc đỗ khôi khoa. Phú quý song toàn. | AC33: MHC: Tài lớn, dựng nền hòa bình, cải cách, đuổi tà lập chính. | AD33: MHC: Là giường cột của đất nước, công huân lớn. | AE33: MHC: Lòng thành cứu được hiểm, dẹp được khó, nên đức nghiệp thịnh. | AF33: MHC: Nếu thủ cựu an thường, trên tuân pháp luật, dưới không gây oán thù thì có thể bảo vệ được thân mình và gia đình. | AG33: MHC: Thành thật, cảm được ngôi trên, làm ơn được cho dân, công lớn, lộc nhiều. | AH33: MHC: Cũng dùng xảo thuật để được lòng trên, ham hưởng lộc vị, công danh sớm thoái thì hơn. | AI33: MHC: Có trác kiến, có xác định nên lợi lộc không quyến rũ được, tránh được hại, hưởng phúc vĩnh viễn. | AJ33: MHC: Sửa điều thiên lệch cho ngay lại, không dùng quá cương, nên tiến dễ dàng, dựng công lập nghiệp. Văn chương phát lên ở lúc thanh niên, muộn tuổi được hưởng phúc trạch. | AK33: MHC: Vị ngôi trên cả trăm đồng nghiệp làm nhiều ghen ghét. | AL33: MHC: Là tâm phúc được sủng ái của chính quyền. | AM33: MHC: Có đức nhu thuận, tụ tài làm cho nước vững bền, dân sinh thỏa mãn yên vui. | AN33: MHC: Có tài xuất chúng, giao thiệp giỏi, gặp bạn hay, giúp dẹp loạn thành trị, chuyển giận thành hòa. Nữ mạng thành bà lớn. | AO33: MHC: Thân với người giỏi, xuống với người dưới, đồng tâm hiệp lực để cứu nguy dẹp loạn, hoặc trên thừa Tổ nghiệp, dưới nối con hay, phúc lộc dồi dào. | AP33: MHC: Xa kẻ gian, hợp sức với người hiền thì làm việc lớn, cái gì mà không thành ? | AQ33: MHC: Mạnh bạo theo lành, vui lòng sửa lỗi, đi lên chỗ cao, không lưu chỗ thấp, công danh thành tựu phúc trạch thâm hậu. | AR33: MHC: Công minh chính đại lập công huân lớn nhất đời, trên dưới đều mến phục. | AS33: MHC: Tài đức, tri thức cũng khá mà không sinh khôn tranh đi trước, nghe điều thiện biết theo, lập được công danh. | AT33: MHC: Quý mà không có địa vị, ở cao mà không có dân, tri cơ cố thủ thì đỡ tai hại. | AU33: MHC: Cầm quyền chấp chính phải hoành hóa tất cả, tụ họp được mọi thịnh vượng thì mới không lỗi. | AV33: MHC: Chí thành, việc dương thì cảm được nguyên thủ, việc âm thì cảm được thần linh công to danh hiển. | AW33: MHC: Tuy thành danh sớm nhưng muộn mới được hưởng lộc. | AX33: MHC: Cẩn hậu nhưng thiếu quả quyết, không lập được sự nghiệp đối với quốc gia, nhưng bề tu dưỡng cũng đẹp đẽ. | AY33: MHC: Mưu cao chí lớn, làm được cuộc cách mệnh hợp lý hợp tình. Chữ mệnh là triệu chứng thọ mệnh. | AZ33: MHC: Làm lớn dùng người bậy bị lụy to. | BA33: MHC: Tiết dục không đến nỗi đam mê, tuy không trình bày được sự nghiệp quảng đại, cũng duy trì được tư thế. | BB33: MHC: Tàng tu cẩn hậu, tuy không hóa thiện được cả thiên hạ, nhưng riêng mình vẫn giữ được điều thiện, không cứu được thời thì cũng tránh được lầm lỗi. | BC33: MHC: Có đức có vị nhưng khiêm nhường thì suốt đời an vui. | BD33: MHC: Chính đại, nhưng giữ đạo, đợi thời không đỗ đạt sớm, muộn tuổi thành việc lớn. | BE33: MHC: Tuy bị che, lấp nhưng có bạn đồng đức hiệp lực, nên cũng thành công nghiệp, phúc trạch dồi dào. | BF33: MHC: Tài đức đủ để dùng vào việc đời hoặc để cung chức võ bị, lập công ở phương ngoài, hoạt động nhiều gặp khó nhưng rồi hóa dễ. | BG33: MHC: Có tài to đức lớn, mà vẫn khiêm cung làm đến chức lớn lắm (ngày xưa Tam Công, đại phu) hoặc Tư lệnh quân đội ở Thành môn, lập được quân công. Chiến thắng. | BH33: MHC: Lánh tà, gần hiền, nhường giỏi, đo đức để lập công lâu dài. | BI33: MHC: Giải tán bè đảng mình để hòa với đảng lớn, lập công phi thường. | BJ33: MHC: Nguyên thủ không quên hiến pháp, người cộng tác không quên thừa thuận tiết độ, phúc trạch được lâu bền. | BK33: MHC: Bỏ bè đảng riêng để làm việc nước, tấm lòng tinh bạch, chẳng triệu tập mà bách liêu phải tôn kính, quyền chẳng cần khuếch trương mà hóa to. | BL33: MHC: Vị cao mà xử nhũn, công lớn mà nhường nhịn, không lên mặt với trên, hách dịch với dân, nên phúc trạch thâm hậu. | BM33: MHC: Thời trị phòng loạn, cơ mưu lên đắc dụng, nên phú quý song toàn. | BN33: MHC: Biến chất thiên lệch để trở về trung hòa, khoa danh chậm nhưng ân quang cũng lớn.
B34: MKH: | C34: MKH: Dù có muốn phú quý, rút cục không thành vì tính đa nghi. | D34: MKH: Cũng là người cẩn hậu phát thực no cơm ấm áo. | E34: MKH: Thì ly hương lập nghiệp. Vì tính nhu nhược nên dù gặp quý nhân tiến dẫn mà cũng chẳng làm nên công trạng gì. | F34: MKH: Ít giao thiệp, hay khoe khoang, hiếm con cháu, chỉ nên làm Tăng đạo. | G34: MKH: Bỏ người thân gần người sơ, rời nhà đi lang thang. Bé mồ côi cha mẹ, lớn già làm gia nô cho nhà phú hào. | H34: MKH: Hay chơi nước chịch, phạm thượng, không xét nghĩa lý để tu tỉnh, khó an lành. | I34: MKH: Nên lui về chức khiêm nhường hơn, bình dị an cư toàn được thân mệnh. | J34: MKH: Cũng chính đại, không a dua, không tu bạ, được tôn trọng nơi xóm làng. | K34: MKH: Hay nghi hoặc, không định kiến, hoặc bị bệnh chân, hơi độc. Không hòa thuận. Buồn lo kể ngày. | L34: MKH: Khởi gia khó nhọc. | M34: MKH: Phải ỷ lại người giàu nơi lân lý. | N34: MKH: Cũng được hưởng phúc, ruộng vườn, hay hoạt động, ít tĩnh. | O34: MKH: Cũng được người trên tin dùng, người dưới phục vụ. | P34: MKH: Tham nhỏ chóng đầy, coi bị họa thoán đạt. | Q34: MKH: Cũng thân cận người hiền, làm gương nơi làng xóm. | R34: MKH: Cũng có phúc đức, được tôn trọng, vợ chồng hòa vui. Nếu vợ mạng âm thì phúc thọ, nhưng không ở ngôi chính. | S34: MKH: Tuy có lộc vị, nhưng không tránh được điều xấu, hoặc bị khiển trách, nghi kỵ, hoặc bán buôn xuôi ngược vất vả. | T34: MKH: Hoài nghi lo lắng, không quả quyết, chỉ làm được việc nhỏ. | U34: MKH: Cũng có phúc, ít tai nạn, có tiếng về kỹ nghệ. | V34: MKH: Cũng có tài đức, làm thượng khách nước nhỏ (có thể ngày nay là Đại Sứ). | W34: MKH: Chỉ là trọc phú. | X34: MKH: Tuổi trẻ lao đao, muộn có kết quả. | Y34: MKH: Mưu xấu họa xấu, tự mình hại mình. | Z34: MKH: Làm khách đường xa, lính đóng xa, cô độc. | AA34: MKH: Bình sinh thong thả, y thực phong túc. | AB34: MKH: Chỉ gần quý nhân thôi, tài nhỏ, việc bé. | AC34: MKH: Điên đảo, ham chơi, tổn tài phá gia, hoặc bị hổ đuổi, sống vất vả. | AD34: MKH: Cũng có danh vọng, được việc lớn cho gia đình, phúc lộc dày bền. | AE34: MKH: Dễ thành dễ phá, bỗng vinh, bỗng nhục, ăn mặc kiệm ước, phúc trạch thường. | AF34: MKH: Không trung chính, lăng bức trên, làm bậy, tội đến chết. | AG34: MKH: Thì tâm ám muội, thiên lệch, bôn ba, tư cách xoàng, không có gì mở mang cả. | AH34: MKH: Việc làm không thực sự, sinh nhai kém, hoặc làm nghề săn bắn. | AI34: MKH: Tham lam không chán, xu phụ quyền thế, hoặc kỹ nghệ lập thân, hoặc chán đời. | AJ34: MKH: Cũng bình sinh được an vui, chuyển bĩ thành thái, nghiệp nhà phong hậu. | AK34: MKH: Ngang ngạnh ngông cuồng, không đạt kết quả gì. | AL34: MKH: Quỷ quyệt, xâu dân mọt nước. | AM34: MKH: Cũng được thóc lúa đầy đủ, làng xóm yên lành. | AN34: MKH: Cũng là người tự lập, trước khuê ly, sau tương ngộ. | AO34: MKH: Cũng được người giúp sức, bình sinh an vui, được vui mừng về hôn nhân hay tử tức. | AP34: MKH: Không lánh ác, gần thiện, nên công nghiệp hẹp hòi. | AQ34: MKH: Có tật phải dùng thuốc mau, có lỗi phải đổi lẹ, nhỏ thì gian nan, lớn được yên lành. | AR34: MKH: Cũng cán biện được như ý, sáng nghiệp duy tân. | AS34: MKH: Cố chấp mê muội, lỡ việc hoặc điếc què, hoặc sinh nhai nghề chăn nuôi. | AT34: MKH: Cầu danh vọng lợi mà mất cơ hội, cô lập, kém về nô bộc. | AU34: MKH: Tài chí thiếu đức, không hỏng việc nước thì cũng hại việc nhà. | AV34: MKH: Cũng thành thực, được lòng người, việc trôi chảy, gia nghiệp vượng. | AW34: MKH: Trước khó sau dễ, nhờ nơi quyền thế, sau mới thành được. | AX34: MKH: Trù tính được, nhưng không gặp cơ hội, ngoài thì khả quan, trong thì buồn. | AY34: MKH: Cũng trung hậu, làm việc có kế hoạch, rời tổ lập nghiệp ở xa, trì chí được, trước khó, sau dễ. | AZ34: MKH: Hữu tài vô hạnh, bỏ chính theo tà, cậy thế làm xằng, bỏ tổ đi xa, tán tụ bất nhất. | BA34: MKH: Sống cẩu thả ở chỗ ty tiện, vùi thân vào cát bụi bùn lầy để mất thể thống, sinh nhai đạm bạc. | BB34: MKH: Riêng mình toan tính, tự túc, hoặc làm tăng đạo. | BC34: MKH: Sinh kế khó khăn, phải kiệm ước, muộn mới đủ dùng. | BD34: MKH: Đức lớn nhưng bị trở lực, vợ trẻ con muộn, muộn tuổi mới vinh hoa. | BE34: MKH: Bỏ nhà đi xa lập nghiệp, dựa vào người thân quý để sinh kế, trước tối, sau sáng. | BF34: MKH: Phần nhiều buôn bán ở xa nhà hoạch lợi, bôn ba hiểm trở, lòng chẳng được yên ổn. | BG34: MKH: Cũng là điền gia Ông, sung túc, an vui tự tại. | BH34: MKH: Hiền ác lẫn lộn, xu hướng bất định, lòng chẳng yên, việc chẳng đẹp, nhưng cũng cứ cẩn thận thì trước khó sau dễ. | BI34: MKH: Tài đức hơn người, có danh có lợi, nhưng tụ tán bất nhất. | BJ34: MKH: Cũng suốt đời an ổn, không có việc đổ vỡ, phụ nhân thì thuần chồng con để làm việc nhà. | BK34: MKH: Có cơ mưu nhưng khó toại chí, dù có khi thành, rồi lại tổn hại, hoặc việc hôn nhân lận đận, hoặc phụ thân thương tổn. | BL34: MKH: Cũng là người cẩn hậu, bình dị, an tĩnh, không vinh nhục gì. | BM34: MKH: Cũng là người cẩn hậu, cả lo, cả ngờ, đời sống sung túc. | BN34: MKH: Cũng đổi lỗi theo thiện, được người hiền đề cử, mưu toại chí hành.
B35: QC: | C35: QC: Chờ nhiệm vụ. | D35: QC: Nên thủ thường, chưa thăng trật. | E35: QC: Được thăng thưởng. | F35: QC: Không người đỡ đầu, không cổ cánh, chậm thăng thưởng. | G35: QC: Toàn được thân, tránh tai hại, chẳng vinh, chẳng nhục. | H35: QC: Được phục chức. | I35: QC: Thanh cần nơi hẻo lánh. | J35: QC: Vinh thăng, lợi lộc. | K35: QC: Được tiến cử, ở lâu được đổi. | L35: QC: Có triệu chứng thấy huy hiệu Tướng Súy. | M35: QC: Nên thoái thì hay, khó tiến. Nếu có Hóa công thì đi nhậm chức nơi xa, hàng ngày vất vả. | N35: QC: Có đồng liêu giúp, lộc vị tiến. | O35: QC: Có công tu bổ thành trì, cơ sở. | P35: QC: Giữ yên chức vị thì không ai đụng chạm đến. | Q35: QC: Sĩ nông công thương đều thông đạt mà vẫn nhũn nhặn. | R35: QC: Được hiểu biết. | S35: QC: Chuyên quyền. | T35: QC: Hư vị, ngồi suông. | U35: QC: Được đồng liêu hiệp lực. | V35: QC: Hoặc ở Hàn Lâm Viện hoặc ở chức vị thanh cao. | W35: QC: Vinh thăng. | X35: QC: Trước khó sau thành. | Y35: QC: Phòng bị dèm pha. | Z35: QC: Được phục chức. | AA35: QC: Giữ chức vụ cũ. | AB35: QC: Thăng chuyển. | AC35: QC: Được trên mến. | AD35: QC: Thường đứng đầu, giữ trọng trách. | AE35: QC: Giữ việc nghi lễ. | AF35: QC: Bị nghi lộng quyền. | AG35: QC: Chấp chính có bước tiến. | AH35: QC: Thoái bộ, khó tiến. | AI35: QC: Cáo hưu để tránh nạn. | AJ35: QC: Phận hẩm hiu thì khởi lên được. | AK35: QC: Bị trở ngại. | AL35: QC: Được trao việc quan trọng, ở trong thì chuyển ra ngoài, ở tối lâu được ra sáng. | AM35: QC: Có lộc nên giàu. | AN35: QC: Được đồng chí tiến bạt. | AO35: QC: Được thăng thưởng đều đều. | AP35: QC: Phòng bạn đảng tập hợp đú đởn có hại. | AQ35: QC: Đi lên. | AR35: QC: Trách nhiệm trọng đại được trên mến. | AS35: QC: Bị ruồng bỏ vì bất lực. | AT35: QC: Bị về vườn. | AU35: QC: Phòng nghi ngờ, nên bỏ cao xuống thấp, cấp lưu dũng thoái là hay. | AV35: QC: Lên cao. | AW35: QC: Kiêm nhiệm phức tạp. | AX35: QC: Nên điều trần. | AY35: QC: Thăng chuyển lẹ. | AZ35: QC: Bị cách giáng. | BA35: QC: Bị cách giáng. | BB35: QC: Giữ chỗ. | BC35: QC: Gặp cường bạo không chế phục nổi, đổi việc, vô định. | BD35: QC: Ở ngoài đợi gọi về Trung Ương. | BE35: QC: Giữa trên dưới có nghi kỵ không ổn. | BF35: QC: Trọng nhậm bên ngoài, chinh chiến có công. | BG35: QC: Hoặc tổng chế ba quân ngoài biên hoặc làm chức trông coi tế tự. | BH35: QC: Có mưu đuổi quân tà, được thăng chuyển. | BI35: QC: Hay đứng đầu tỉnh quận. | BJ35: QC: Trọng mệnh trời mà vỗ về dân tình. | BK35: QC: Có vinh thăng. | BL35: QC: An thường thủ phận. | BM35: QC: Biết phòng xa nên lộc vị yên ổn. | BN35: QC: Vũ thì đi chinh phạt nơi ngoài, văn thì vị cao tột mực, công lớn vẻ vang.
B36: GS: | C36: GS: Chờ thời. | D36: GS: Chưa đỗ đạt, chưa tiến bước. | E36: GS: Có cơ tiến đạt, dịp may tự nhiên đến. | F36: GS: Không ai đề cử, khó tiến thân. | G36: GS: Nếu ở đại học thì thành danh, ở trung học thì chưa toại chí. | H36: GS: Tiến thủ. | I36: GS: Được vào nội trú. | J36: GS: Vinh thăng, lợi lộc. | K36: GS: Hợp chí trên, cửa giời rộng mở. | L36: GS: Đỗ đạt Cử Tú. | M36: GS: Nên thoái thì hay, khó tiến. Nếu có Hóa công thì đi nhậm chức nơi xa, hàng ngày vất vả. | N36: GS: Được tiến cử, danh dự lên. | O36: GS: Chưa có công trạng gì, nhưng có dịp được vinh hoa. | P36: GS: Đợi thời thì không bị tước đoạt. | Q36: GS: Sĩ nông công thương đều thông đạt mà vẫn nhũn nhặn. | R36: GS: Tiến cử. | S36: GS: Tiến thủ, nên danh. | T36: GS: Ruợu chè, phế nghiệp. | U36: GS: Tốt đẹp văn vẻ. | V36: GS: Đỗ cao ở nước ngoài. | W36: GS: Được tiến cử, thành danh. | X36: GS: Trước khó sau thành. Buồn có, vui có. Trước hiểm trở sau an lành. | Y36: GS: Khó gặp cơ hội. | Z36: GS: Nổi danh. | AA36: GS: Giữ chức vụ cũ. | AB36: GS: Thăng chuyển. | AC36: GS: Tiến thủ, nên danh. | AD36: GS: Tiến thủ thành danh. | AE36: GS: Khó tiến. | AF36: GS: Có tài lầm tưởng là ta thông suốt. | AG36: GS: Có lợi, chưa sáng tỏ. | AH36: GS: Thoái bộ, khó tiến. | AI36: GS: Tế ngộ không đúng thời, khó tiến thủ. | AJ36: GS: Đỗ cao. | AK36: GS: Khó tiến. | AL36: GS: Được trao việc quan trọng, ở trong thì chuyển ra ngoài, ở tối lâu được ra sáng. | AM36: GS: Được ban thưởng. | AN36: GS: Được cấp trên biết đến. | AO36: GS: Cầu danh được danh, cầu lợi được lợi. | AP36: GS: Phòng bè bạn hoang đãng dâm dục. | AQ36: GS: Có mừng. | AR36: GS: Được tiến cử thành danh. | AS36: GS: Đỗ bét ở bằng cao (ngày xưa điện thi). | AT36: GS: Bị đình giáng. | AU36: GS: Mắc lỗi không đáng vị. | AV36: GS: Được vời như quý khách, thành danh. | AW36: GS: Tiến thủ vụng về. | AX36: GS: Cố sức học tập để đợi thời. | AY36: GS: Được tiến cử. | AZ36: GS: Khó tiến. | BA36: GS: Bị đình đốn. | BB36: GS: Đừng tiến đại để cầu may. | BC36: GS: Đỗ khoa mùa thu. | BD36: GS: Đợi thời chờ bổ nhiệm. | BE36: GS: Gặp tri kỷ nhờ đó tiến được. | BF36: GS: Khó tiến. | BG36: GS: Công danh thành tựu. | BH36: GS: Được lựa chọn vui mừng. | BI36: GS: Tài vượt người, đỗ ưu. | BJ36: GS: Thành danh, nêu cao pháp luật. | BK36: GS: Nội tháng có vui mừng. | BL36: GS: Gặp nhiều dịp may, thi bằng nhỏ. | BM36: GS: Sống trong sạch, nên tiến thủ không lem nhem. | BN36: GS: Đỗ ưu hạng.
B37: NT: | C37: NT: Mọi việc trì nghi. Chỉ thầy tu và đàn bà là an vui lợi lạc. | D37: NT: Công việc dễ bị ngừng trệ, nên thu vén, giữ mức thường thì tránh được tai hại. Nữ mệnh hiền hòa, yên vui gia đình. | E37: NT: Được nhân tình hòa hợp, mưu việc toại ý, đại khái được bạn bè giúp đỡ, kết giao đẹp đẽ. | F37: NT: Lạnh nhạt nhân tình, kinh doanh trở. Đại để yên tĩnh thì hơn, vọng động có hại. | G37: NT: Lại thương tổn, bình phục dần dần. Tù được thả hay phân tán. Bị giam lâu được thân oan, người đi xa hết bị ràng buộc ở quê người. Số xấu: Thì nên lùi vào nơi vắng vẻ có thể bị roi vọt đánh đấm, hoặc đàn bà thì đẻ khó, huyết ra, hoặc có tang phục. | H37: NT: Theo lành, sửa lỗi, tránh được quan tụng. Số xấu: Thì đề phòng bị đi an trí. | I37: NT: An cư lạc nghiệp, hoặc xây dựng cung thất, hoặc cư ngụ nơi xa, tránh được tai họa. | J37: NT: Ra ngoài được bạn giúp đắc lực. | K37: NT: Cảm được nhân tình, kinh doanh tạm được. Số xấu đề phòng tổn thương thân thể. | L37: NT: Tuy gặp nguy, nhưng cẩn thận thoát được. Nữ mệnh hình khắc, bại gia, dâm dật. | M37: NT: Doanh mưu thiệt hại, càng xáo động càng bị dèm pha, tĩnh thì tránh được tai vạ. | N37: NT: Ruộng vườn lợi tức tăng tiến, nhiều dịp vui mừng, con cháu đề huề. | O37: NT: Có sự nghi kỵ, đấu tranh, trong vinh có nhục. | P37: NT: An phận, đau mắt. | Q37: NT: Sĩ nông công thương đều thông đạt mà vẫn nhũn nhặn. | R37: NT: Kinh doanh đắc lợi. | S37: NT: Được đề cử, xấu biến thành tốt. | T37: NT: Lười, chỉ phè phỡn. Tổn hại. Đau chân. | U37: NT: Cùng người hòa hợp. Kinh doanh toại ý, nhưng biến quẻ Quy Muội phàm việc nên xét kỹ rồi hãy làm. | V37: NT: Ra ngoài buôn bán lớn. | W37: NT: Buôn bán có lời. | X37: NT: Buồn có, vui có. Trước hiểm trở sau an lành. Vận xấu có tang phục. | Y37: NT: Gian nan, hình khắc, kiện tụng. | Z37: NT: Hoạch lợi. | AA37: NT: Giữ nghiệp cũ, thực tế, đừng hão huyền. | AB37: NT: Có mừng, thêm trâu bò của cải. | AC37: NT: Được quý nhân giúp đỡ, toại nguyện. Số xấu: Phòng bị đuổi (hoặc nhà cửa v.v...) luôn luôn bị điều nọ tiếng kia. | AD37: NT: Hay kiến thiết tu tạo, hay cố chấp, có khi rơi vào bọn gian nịnh để rồi hối thẹn. | AE37: NT: Có sự giao ước, phòng tang phục. | AF37: NT: Ngỗ ngược phạm thượng, hoặc chết vì binh đao, hoặc cực khổ trăm điều. | AG37: NT: Bạn bè nhờ nhau, được việc nhỏ, cầu to thì hỏng, lòng ít an tĩnh. | AH37: NT: Mọi người doanh mưu phí lực. | AI37: NT: Dù được tiểu nhân che chở nhưng sau phòng họa ngầm. | AJ37: NT: Hưởng phúc, tĩnh lâu thì động, tất được lành. | AK37: NT: Khó tránh kiện tụng, vu oan. | AL37: NT: Bị giam được thoát thân. Ra ngoài doanh thương gặp bạn nhà buôn đắc lực. Đàn bà có mang sinh sản. Số xấu thì có bệnh ở tim ở bụng. | AM37: NT: Buôn bán có lợi. Người cô quả gặp thân nhân. | AN37: NT: Hôn nhân thành, khỏi nguy đến an, mưu tính trước nghịch sau thuận. | AO37: NT: Cầu lợi được lợi. Số xấu: Liên can kiện tụng, tĩnh thì đỡ vất vả. | AP37: NT: Phòng bè gian oán hờn. | AQ37: NT: Thâu lợi. Tai thoát bệnh khỏi, tối ra sáng, buồn hóa vui. | AR37: NT: Có việc tu tạo, đổi dời vui vẻ. Kiện tụng có thể thân bày phải trái được. | AS37: NT: Kiện tụng, bị đòn, hoặc bệnh ngứa lở, trĩ, hoặc tật ách ở tai, chân, khó đi. | AT37: NT: Tranh tụng, thị phi. Người già tổn thọ. | AU37: NT: Không theo đường chính, nên có tai họa, thật là Quân tử thì mới thoát. | AV37: NT: Được lợi sơn lâm, hoặc ẩn vui non nước. Tăng đạo hưởng lộc tế lễ. Số xấu có điềm rở về sơn phần. | AW37: NT: Mưu vọng vất vả, mãi sau mới ra khỏi bế tắc, nhà buôn bị khổ về xe cộ. | AX37: NT: Cầy ruộng đào giếng, hoặc xây đắp tu tạo. | AY37: NT: Được tăng tiến đẹp đẽ. Nhiều sự đổi mới. | AZ37: NT: Bị tổn phá hoặc đau chân. Xấu hơn kém thọ. | BA37: NT: Bỉ ổi, ô trọc, thậm chí đến bị bắt bớ chăng trói tàn đời. | BB37: NT: Yên phận đừng cầu cạnh xa xôi. | BC37: NT: Lợi việc tu tạo, nhà yên ổn. | BD37: NT: Đi buôn bán xa chưa về, hôn nhân chưa thành. | BE37: NT: Sáng bị che lấp, có người giải thích cho, khách buôn ra ngoài gặp bọn, phòng thuyền gãy cột buồm. | BF37: NT: Lập nghiệp được ở bên ngoài, nhưng không được trọn vẹn hạnh phúc. Buôn bán được lợi. | BG37: NT: Được lợi, được phúc. | BH37: NT: Buôn bán có lợi, thêm nhân khẩu. Kém hơn thì tật bệnh chẳng yên, tâm trí chưa yên ổn. | BI37: NT: Có hung thi tán, có mưu vọng thì thành. Số xấu chẳng lợi. Có triệu chứng chôn cất trên gò cao. | BJ37: NT: Kính trên, thờ Tổ được phúc. Nữ mệnh: Làm việc ủy lạo tốt. | BK37: NT: Được đề bạt, hoặc mất ngựa xe. | BL37: NT: An phận, không tổn hại. | BM37: NT: Có sinh kế, có phòng bị nên không vấp nguy. Đi đò phòng đò hở nước vào. | BN37: NT: Hoạch lợi, có quý nhân đề cử.
B38: Thơ: | C38: Muốn đi tìm ngọc non xa, | D38: Cửa đóng then cài, | E38: Vó câu mới bước dùng dằng, | F38: Buồn vì cùng khốn u mê, | G38: Tiến lên chẳng ổn chi đâu, | H38: Kiện chẳng lợi, đổi theo điều chính | I38: Chọn đất cư bên trái, | J38: Giao du nên lựa chọn, | K38: Tây nam, ngựa chạy, sáng ngời | L38: Một lòng kính thận đối trên, | M38: Bè tiểu nhân kéo cánh lên, | N38: Quyền uy cờ đã đến tay, | O38: Công phạt chỉ hại, nên lùi | P38: Gặp người tên chữ Thảo đầu (艹) | Q38: Ở đâu bè bạn cũng tôn, | R38: Dần dần nổi tiếng văn bài, | S38: Cầu đâu được đấy vẫn hung, | T38: Đường đi bỏ dở thêm lo, | U38: Vuông tròn sự đã chu toàn, | V38: Lòng ngay thẳng, sự phân minh | W38: Trước khó sau dễ mới hay, | X38: Lòng muốn nhanh, sự chẳng nhanh, | Y38: Cái cơn ác mộng còn dài, | Z38: Tung câu rồi lại giật về, | AA38: Đức rộng, vị lại khiêm nhường, | AB38: Chim khách báo hiệu đầu cành, | AC38: Đề phòng một việc đảo điên, | AD38: Lòng khi muốn chậm, muốn mau | AE38: Đừng buồn việc quá chờ lâu, | AF38: Một người không cẳng đứng. | AG38: Xe đi ngàn dặm, | AH38: Chí không kiên, việc vụng về | AI38: Một được một mất, | AJ38: Tĩnh lâu nay động hợp thời, | AK38: Lòng buồn lo nhưng mất, | AL38: Nguy lo thoát, vững tinh thần | AM38: Ngày dùng đủ sức phong lưu, | AN38: Cô đơn, gặp bạn cố tri | AO38: Thật thà hiệp lực đồng tâm, | AP38: Giải vây được bọn tà gian, | AQ38: Giúp nhau đổi dở thành hay, | AR38: Đạo trung ai chẳng nghe theo, | AS38: Lùa dê, theo chập choạng đi | AT38: Ở trên thân dưới là khôn, | AU38: Dưới trên tụ họp tốt lành, | AV38: Thuận trên, nhường dưới, bao dung | AW38: Chẳng cam thua sức kém tài, | AX38: Sửa nhà gặp được thợ hay, | AY38: Kịp thời cách cố đỉnh tân, | AZ38: Tài nhỏ mà gánh việc to, | BA38: Ngọc trong bụi, vàng trong bùn, | BB38: Thân ngồi địa vị cao sang, | BC38: Non cao xứ đẹp vui cùng, | BD38: Gái hiền đâu sợ muộn duyên, | BE38: Việc cần, đường vẫn xa xôi | BF38: Việc ngoài dù tốt nhưng lo, | BG38: Lập công ca khúc khải hoàn, | BH38: Dễ chẳng dễ, khó cũng không | BI38: Mấy khi chủ khách tâm đồng, | BJ38: Lộc tài kiệm ước nên thừa, | BK38: Thanh danh đức nghiệp đã nên, | BL38: Vốn nhu, thẹn, bởi thừa cương | BM38: Có công, lộc vị đâu nào ? | BN38: Cứ thế, việc trên đời
C39: Cánh buồm ngàn dặm rời nhà bâng khuâng… | D39: Chông gai đường lối. | E39: Gặp người cầu chuyện xích thàng xe tơ. | F39: Tìm người chân chính, lắng nghe chuyện đời. | G39: Lui về thủ thuận, sở cầu rồi nên. | H39: Giữ nhân tình, được hưởng an khang. | I39: Hành quân ở lại sau. | J39: Thẳng thắn mới không lo. | K39: Cây khô mà gặp xuân trời lại xanh. | L39: Ngựa bay (Ngọ) đổi tốt, án tuyền thân danh. | M39: Nhắn người quân tử rất nên giữ mình. | N39: Việc làm suông sẻ, thời này hanh thông. | O39: Gia đình tươi sáng, tin vời bên sông. | P39: Đường mây chỉ nẻo nhẹ cầu công danh. | Q39: Phát tài dưới núi, nhẹ buồm trên sông. | R39: Dắt nhau tri kỷ ra ngoài thảo lư. | S39: Tín thành, sáng suốt nên công, sợ gì. | T39: Rắn bò, ngựa mén rừng thu dễ nào. | U39: Một đi một lại, hỷ hoan đường đời. | V39: Trong lòng, dưới mắt sự tình không sai. | W39: Mũi tên lên thẳng tầng mây nhẹ nhàng. | X39: Nết ngay ai ghét, phúc lành tự nhiên. | Y39: Xuân sang trồng trúc cho tươi cảnh vườn. | Z39: Trần ai muốn dứt mọi bề phân minh. | AA39: Hồn nhiên tin báo cát tường đến nơi. | AB39: Chiều tà đã xuống, lộ trình còn xa. | AC39: Ra tâm cầu vọng tự nhiên dễ dàng. | AD39: Gặp rồng đổi cảnh, trăng lầu sáng soi. | AE39: Dài mong, hẳn cá lên câu cắn mồi. | AF39: Có cẳng lại không đầu. | AG39: Tiếc cũng qua rồi. | AH39: Cánh chim bạc gió, trăng kề giếng sâu. | AI39: Muốn trước muốn sau. | AJ39: Tai qua phúc đến đường đời thênh thang. | AK39: Doanh mưu thêm hại thân. | AL39: Bây giờ, danh lợi tiến thân được rồi. | AM39: Chuyến đi này hẳn doanh mưu gặp thời. | AN39: Đồng lòng lo tính, nạn gì cũng qua. | AO39: Để cùng cứu vớt thăng trầm gian nan. | AP39: Bạn hiền tin tưởng đến bàn tiếp tay. | AQ39: Trời dành gặp gỡ duyên may một người. | AR39: Lợi dân ích nước, người reo đón mừng. | AS39: Chính bền, tứ cửu có chi lỗi lầm. | AT39: Sự cơ để mất, ai còn mến thương. | AU39: Phải theo chính đạo thì mình mới yên. | AV39: Việc làm không thẹn, hết mừng lại vui. | AW39: Quyết tâm cứu giúp ngày mai việc thành. | AX39: Tùng xanh chẳng sợ sương bay, gió lùa. | AY39: Gió đông tin đến, sắc xuân leo lầu. | AZ39: Của công đổ bể, hay ho cái gì. | BA39: Lâu ngày tự sáng, đâu còn chờ ai. | BB39: Giữ mình yên thẳng, ngoài càng thơm danh. | BC39: Mận đào điểm nhụy, cúc mừng lợi danh. | BD39: Thời bình chờ gặp thuyền quyên anh hùng. | BE39: Rồi đi cũng tới, chẳng ai lỗi gì. | BF39: Lòng bao thắc mắc, mưu đồ âm u. | BG39: Gió Đông thuận tiện, hân hoan ngập trời. | BH39: Chỉ kinh chạm trán thì lòng hết vui. | BI39: Gió sông quạt mộng, hạc bồng mây xanh. | BJ39: Giữ thân chừng mực bao giờ cũng hay. | BK39: Gió mây gặp hội, đột lên sang giàu. | BL39: Tùy nghi biến chuyển chớ ương mà rầy. | BM39: Lộc rồi quyền ấn chẳng vào tới tay. | BN39: Muốn hay chửa vẹn mười.
D40: Cẩn thận đề phòng, | E40: Quý nhân giúp đỡ từ giờ, | I40: Tây Bắc đi êm thắm, | P40: (Nhược ngộ Thảo đầu nhân, | Z40: Kình ngao tùy ở tay mình, | AF40: Nghìn dặm đuổi đến đâu, | AG40: Thư đâu vừa đến, | AI40: Con đường mở rộng đi đâu, | AK40: Giữ sao nữ tử cô đơn, | BM40: Lui về một bước cũng hay, | BN40: Xa lâu quên chuyện quách,
D41: Trăng mây đen tối. | E41: Tiến lên mọi việc có thừa hanh thông. | I41: Quang huy rực rỡ màu. | P41: Chỉ xuất thanh vân lộ.) | Z41: Sao còn khốn khổ như tình hồ nghi. | AF41: Phòng sinh ngũ thất hưu (?!) | AG41: Cửa nhà sáng tươi. | AI41: Tự nhiên an ổn chẳng cầu cạnh ai. | AK41: Thấy nguy chuột rúc lì gan xem nào. | BM41: Phù người, vui vẻ chờ ngày tiến lên. | BN41: Người hợp, trăng tròn rồi.
A42: 3 | B42: Lược nghĩa: | C42: Người quân tử suốt ngày trí căng thẳng như nơm nớp lo sợ ở thế nguy, nhưng không bị lỗi gì. | D42: Hàm súc điều tốt đẹp thì có thể bền được. Hoặc đi theo việc nhà Vua (việc nhà nước) không cần thành công lấy cho mình thì sau có kết quả mỹ mãn. | E42: Đuổi hươu mà không có người dẫn đường, thì chỉ đi sụp vào giữa rừng. Người Quân tử biết cơ ấy, chi bằng bỏ đi, tiến nữa sẽ hối thẹn. | F42: Chớ dùng lấy phải gái ấy, y thấy trai có vàng là coi tấm thân mình như chẳng có, không lợi gì cả (hào 3 không Trung chính, mê Hào ứng là Hào 6 dương). | G42: Đợi ở chỗ bùn. Tự vời giặc đến. (Gần nơi hiểm trở rồi). | H42: Ăn nhờ đức cũ, vẫn phải giữ chính phòng nguy, sau tốt. Hoặc theo việc nhà vua (theo hào 6). Không thành. | I42: Ra quân mà xác chết chở đầy xe, xấu. | J42: Sánh vai với bọn chẳng ra người. | K42: Xe long trục, vợ chồng trái mắt nhau. (hào 3 hận hào 4 ngăn đường tiến). | L42: Chột mà hay nhìn, què mà hay đi, dẫm lên đuôi cọp, nó cắn người, xấu. Kẻ vũ phu mà làm việc của đại quân. | M42: Không cái gì bằng mãi mà không nghiêng, đi mãi mà chẳng trở lại, cứ chịu khó giữ điều chính thì không lỗi gì. Chớ lo, tin rằng được ăn về điều có phúc. | N42: Bao dung được điều xấu hổ. | O42: Dấu binh khí ở rừng, lên gò cao nơi mình đứng (hào 3 rình hào 2) nhưng ba năm chẳng hưng khởi được. | P42: Công hầu dâng lễ lên vua. Kẻ nhỏ mọn không làm thế được. | Q42: Khó nhọc mà vẫn nhún nhường, người Quân tử có hậu, tốt. | R42: Ngó lên trên (hào 4) mà vui say, hối chậm, có ăn năn đấy. | S42: Bìu ríu với bậc trượng phu (hào 4) thời mất tiểu tử (hào 1) đạo tùy mà có cầu có được thì nên giữ chính mới ích lợi. | T42: Cáng đáng việc đổ nát của cha, có tí chút ăn năn, nhưng không lỗi gì to. | U42: Ngọt ngào mà tới, cũng không ích lợi, đã biết lo rồi thì không lỗi gì. | V42: Hãy xem xét cách sống của ta mà tiến thoái. | W42: Cắn miếng thịt xương, ngộ độc, hối thẹn một chút, nhưng không lỗi gì. | X42: Trang sức cho nhau như (ư !) thấm nhuần cho nhau như (ư !) giữ chính thì tốt (hào 3 đối với hào 2, hào 4). | Y42: Bỏ hết đi (bè tiểu nhân) thì không lỗi. | Z42: Trở lại mấy lần, tưởng nguy mà không lỗi. | AA42: Cái vạ tự nhiên, ví như buộc con trâu, người qua đường lấy trâu, người ở ấp ấy bị vạ lây. | AB42: Ngựa hay đuổi nhau (đua với hào 6) nhưng chịu khó bền chính thì lợi, ngày ngày chuẩn bị xe cộ và đồ phòng thân thì đi đâu cũng tiện lợi. | AC42: Trái với đạo chính của Di, xấu; Mười năm cũng chờ dùng, không lợi gì cả. | AD42: Cột cong queo, xấu. | AE42: Lại và đi đều gặp Khảm, trước mặt hiểm, sau gối hiểm, vào chỗ sâu của Khảm, chớ dùng. | AF42: Văn minh của mặt trời xế bóng, chẳng gõ đồ sành mà hát, hẳn là người già cả có điều than thở, vậy là xấu. | AG42: Cảm cái đùi vế (càng xa chân, không đi được), cứ cố theo người (hào 4) vậy tiến đi là hối thẹn. | AH42: Chẳng giữ được đức hằng, có khi bị đeo xấu hổ, dù chính cũng xấu thẹn. | AI42: Ẩn tránh mà vẫn bị ràng buộc (bởi 2 hào âm dưới), nên có bệnh và nguy đấy, chỉ nuôi thiếp tôi là tốt. | AJ42: Kẻ tiểu nhân dùng sức đương hăng, người Quân tử dùng sức gan lì, chính cũng nguy, con dê đực húc vào bờ giậu, gẫy cả sừng nó. | AK42: Mọi người đều tín cẩn, ăn năn gì cũng hết đi. | AL42: Tổn thương ở chỗ đi trừ loạn ở phía Nam, bắt được thằng đầu sỏ lớn, nhưng chẳng nên vội tuy là chính. | AM42: Người nhà có vẻ nghiêm ngặt, tuy ăn năn lo nguy (sợ thương ân) nhưng mà tốt, chứ như đàn bà con trẻ luông tuồng thì sau hối thẹn. | AN42: Thấy kẻ (hào 2) kéo xe mình lùi lại, con trâu (hào 4) ngăn trước. Người này (hào 3) như bị trổ mặt cắt mũi. Tuy không trước, nhưng rồi có sau (sẽ được gặp hào 6 ứng). | AO42: Tiến đi thì vất vả, quay trở lại thì hơn. | AP42: Vừa đội vác, vừa ngồi xe (nhố nhăng vậy), chỉ thêm hấp dẫn giặc tới, cứ ngoan cố thế thì hối thẹn đấy. | AQ42: Ba người đi thì tổn một người (quẻ Kiền tổn hào 3 Dương) một người đi thì hắn được bạn (được hào 3 âm đem về). | AR42: Dùng (chấp nhận) việc xấu mà làm lợi ích cho nó (hào 3 bất trung bất chính). Không lỗi gì, nếu nó giữ lòng tin cứ đạo trung mà làm thì được dùng ngọc khuê để báo cáo lên ông trên (hào 6 ?). | AS42: Vẻ hăng mạnh lộ ra gò má, e có điềm dữ (hào 3 cương mà quá trung rồi dễ nguy), nhưng nếu người Quân tử quyết quyết (giữ bè Quân tử), thì dù có đi một mình gặp mưa như thấm ướt (cảm tình với hào 6 tiểu nhân) để có người giận ghét, cũng vẫn không lỗi gì (vì vẫn theo mục đích quyết thắng tiểu nhân). | AT42: Mông đít không da, nên đi chập choạng, nguy, nhưng không lỗi to. | AU42: Tụ hợp như, than thở như (bị hào 4, hào 5 chê) không lợi đâu; vậy đi lên (với hào 6) không lỗi gì, chút đỉnh hối thẹn thôi (vì cùng là âm cả). | AV42: Lên (dễ dàng) như đi vào cái ấp bỏ trống. | AW42: Khốn đụng nơi hòn đá (hào 4) dựa nơi cây gai (hào 2) vào nơi nhà mình (hào 3) chẳng thấy vợ đâu, xấu. | AX42: Giếng sạch chẳng ăn, vì ta (hào 3) mà lòng đau, nên dùng múc lên, được ông vua sáng suốt thì thụ hưởng phúc. | AY42: Tiến hành thì xấu, dù chính cũng nguy (hào 3 táo bạo), phải sắp đặt việc biến cách đến ba lần thì mới chắc chắn làm được. | AZ42: Tai vạc đương thay đổi, nên đường đi còn bị kẹt, có mỡ chim trĩ mà chẳng ăn được (nhưng âm dương hòa). Sắp sửa mưa (hào 6 âm ứng với hào 3 dương) thì hết ăn năn, sau tốt lành. | BA42: Sấm làm rụng rời, thấy sấm thì đi tránh thì không tai họa. | BB42: Bị ngăn ở bên hông, như bị chia xẻ ở giữa xương sống (hào 3 khó xử ở giữa trên và dưới), nguy đến cháy cả ruột. | BC42: Chim hồng tiến dần tới nơi đất bằng, chồng đi xa chẳng trở về (hào 3 dương cương chỉ thích tiến đi), vợ có thai chẳng nuôi được (hào 4 âm cẩu hợp với hào 3), xấu, chỉ lợi về việc phòng giặc (những điều gian tà). | BD42: Gả em gái mà phải đợi, ngược lại cho về làm phận đệ, thiếp (hào 3 âm nhiều cảm tình mà không trung chính). | BE42: Lớn thay cái màn bịt kín mình (bị hào 6 xấu), giữa ngày mà thấy cả đám sao nhỏ (tức là ngày tối tăm), mình gãy cánh tay phải (hào 6) biết trách lỗi ai. | BF42: Lữ khách mà đốt quán trọ của mình (mất lòng trên), bỏ mất tớ trẻ của mình (mất lòng dưới), dù chính cũng nguy. | BG42: Tốn thuận luôn luôn, hối thẹn. | BH42: Cầu người hòa vui về với mình, xấu (Hào 3 bất trung bất chính, lại ở giữa 4 hào dương khác nào 1 gái ở giữa 4 thằng trai). | BI42: Tiêu tan cái thân riêng mình (tức hy sinh cái tiểu ngã, cái lợi riêng) thì khỏi ăn năn gì. | BJ42: Chẳng giữ chừng mực như thế, thời than thở như thế, không biết trách lỗi ai. | BK42: Được kẻ đối thủ (Hào 6 ứng) hoặc múa may, hoặc rụng rời, hoặc khóc lóc, hoặc hát vang (Tư cách hoảng hốt bất định). | BL42: Chẳng đề phòng quá đi một chút, thì (họ tiểu nhân) theo dõi hoặc làm hại đấy, sẽ xấu. | BM42: Vua Cao Tông đánh quỉ phương ba năm mới dẹp xong, kẻ tiểu nhân (gặp hào này) đừng làm thế (sẽ hỏng việc vì phải tùy người). | BN42: Chưa thành, tiến đi thời xấu, qua sông lớn, thì lợi ích.
B43: Ý HÀO: | C43: Ý HÀO: Nên ra sức lo lắng siêng năng, bổ chỗ thiếu, sửa chỗ lầm. | D43: Ý HÀO: Người có đức hàm súc điều hay vẻ đẹp. | E43: Ý HÀO: Đừng đi liều, mua lấy khổ. | F43: Ý HÀO: Nói về kẻ yếu hèn, dễ bán rẻ thân phận, không đáng cho thu nạp. | G43: Ý HÀO: Bản thân đã đi tới gần hiểm trở, phải tự thủ. | H43: Ý HÀO: An phận thì tốt lành. | I43: Ý HÀO: Khinh địch bại trận. | J43: Ý HÀO: Không chọn bạn, rất tổn hại. | K43: Ý HÀO: Vì cương quá, nên bị có kẻ ghìm lại. | L43: Ý HÀO: Đi đường lối sai, xấu. | M43: Ý HÀO: Biết cách sửa trị thời Thái lúc sắp chuyển sang Bĩ, thì rút cục vẫn giàu có được. | N43: Ý HÀO: Tiểu nhân muốn làm ác mà chưa làm được. | O43: Ý HÀO: Chẳng có phận thì cầu cạnh sao được. | P43: Ý HÀO: Ông lớn được cấp trên tin dùng. | Q43: Ý HÀO: Nhường công, góp mặt. | R43: Ý HÀO: Trông vào người mà vui, hối kịp thì khỏi ăn năn. | S43: Ý HÀO: Đã tùy được điều chính và nhân có thế, lợi được. | T43: Ý HÀO: Sửa trị một cách quá cứng rắn nên không tránh được có ăn năn. | U43: Ý HÀO: Ngọt ngào tới mà có điều răn giới đấy. | V43: Ý HÀO: Xem xét để tiến thoái cho chính đáng, | W43: Ý HÀO: Đức không đủ để trị người, nên có sự bất phục. | X43: Ý HÀO: Nếp sống an nhàn. | Y43: Ý HÀO: Tiểu nhân biết phục thiện (hào 6 ứng). | Z43: Ý HÀO: Cải lỗi nhiều lần không hối thẹn. | AA43: Ý HÀO: Vốn không làm nên vạ mà vạ tự nhiên đến. | AB43: Ý HÀO: Cùng lên, cùng có cách ổn đáng. | AC43: Ý HÀO: Cách nuôi trái đạo. | AD43: Ý HÀO: Quá cương mà chẳng ích gì cho việc cả. | AE43: Ý HÀO: Qua lại đều hiểm không thoát được hiểm. | AF43: Ý HÀO: Vận đã suy, không cứu vãn được. | AG43: Ý HÀO: Cảm không chính đáng, không khỏi hối thẹn. | AH43: Ý HÀO: Không giữ đức hằng, làm điều bất thiện. | AI43: Ý HÀO: Đáng ẩn trách mà còn hệ lụy không tránh được. | AJ43: Ý HÀO: Cậy sức đương hăng nên khó thoát nguy. | AK43: Ý HÀO: Có chí cùng đi lên, không ai ức chế nổi. | AL43: Ý HÀO: Trên dưới đều có tổn thương, nên ánh sáng chiếu vào bị trở ngại, nếu không tranh tụng thì cũng tật ách. | AM43: Ý HÀO: Răn giữ nghiêm gia đạo, mà vẫn khoan thai. | AN43: Ý HÀO: Trước giận nhau, sau mới hợp. | AO43: Ý HÀO: Nên tiến, nghĩa nên trở lại. | AP43: Ý HÀO: Vô đức mà ngồi địa vị, tai họa khó tránh. | AQ43: Ý HÀO: Chơi với bạn nhiều, phải chọn bạn. | AR43: Ý HÀO: Hết đạo trung với nước. | AS43: Ý HÀO: Muốn quyết tính kẻ tiểu nhân, phải khôn khéo, đừng cương quá. | AT43: Ý HÀO: Cương mà không gặp được ai, cũng nguy. | AU43: Ý HÀO: Hào âm tụ họp chẳng chính đâu, nhưng cứ phải đi. | AV43: Ý HÀO: Tiến dễ dàng. | AW43: Ý HÀO: Không tài cứu khốn đến nỗi thân nguy. | AX43: Ý HÀO: Tiếc chưa được dùng, mà hứa sẽ đắc dụng. | AY43: Ý HÀO: Cái bệnh của sự biến cách là hay nóng nảy, phải thẩm sát cho kỹ lưỡng. | AZ43: Ý HÀO: Đỉnh tốt, nhưng trước bực mình sau mới hợp. | BA43: Ý HÀO: Vô đức nên bị tai họa. Nên sửa lỗi. | BB43: Ý HÀO: Không đáng ngăn mà bị ngăn, mất hẳn thời cơ. | BC43: Ý HÀO: Không được yên ổn, vô đức nên không tiến được. | BD43: Ý HÀO: Vô đức vô ứng, nên cam phận đệ thiếp. | BE43: Ý HÀO: Gặp chủ không xứng đáng, mình sáng suốt cũng vô dụng. | BF43: Ý HÀO: Lữ khách chẳng gần nhân tình nên xấu. | BG43: Ý HÀO: Không khéo tốn thuận nên mắc lỗi. | BH43: Ý HÀO: Nịnh bợ nên xấu. | BI43: Ý HÀO: Đem thân để cứu nạn. | BJ43: Ý HÀO: Không giữ chừng mực đến nỗi phải lo. | BK43: Ý HÀO: Không có chủ định. | BL43: Ý HÀO: Không đề phòng tất họa sẽ đến. | BM43: Ý HÀO: Bảo đạo làm tướng, hành quân. | BN43: Ý HÀO: Tài không đủ làm, phải dựa người thì nên việc.
